machine_id,cost_center_id,manufacturing_plant_id,manufacturing_plant_name,plant_shift_date,machine_status_name,Sum of mttr_workcenter_numerator_seconds_quantity,Sum of mtbf_numerator_seconds_quantity,hydra_bmk_production_status_name
S-004,1195578,1310,Tangier,3/10/2025 0:00,PRODUCTION,0,15414,Production
S-005,1195578,1310,Tangier,3/10/2025 0:00,micro arrêts,61,0,Production
S-005,1195578,1310,Tangier,3/10/2025 0:00,PRODUCTION,0,118,Production
S-006,1195578,1310,Tangier,3/10/2025 0:00,micro arrêts,411,0,Production
S-006,1195578,1310,Tangier,3/10/2025 0:00,PRODUCTION,0,33527,Production
S-004,1195578,1310,Tangier,3/11/2025 0:00,PRODUCTION,0,21799,Production
S-005,1195578,1310,Tangier,3/11/2025 0:00,micro arrêts,119,0,Production
S-005,1195578,1310,Tangier,3/11/2025 0:00,PRODUCTION,0,2785,Production
S-006,1195578,1310,Tangier,3/11/2025 0:00,PRODUCTION,0,55188,Production
S-006,1195578,1310,Tangier,3/11/2025 0:00,Réparation Peripheri,3947,0,Non-Production
S-004,1195578,1310,Tangier,3/12/2025 0:00,PRODUCTION,0,19166,Production
S-005,1195578,1310,Tangier,3/12/2025 0:00,micro arrêts,335,0,Production
S-005,1195578,1310,Tangier,3/12/2025 0:00,PRODUCTION,0,5210,Production
S-006,1195578,1310,Tangier,3/12/2025 0:00,PRODUCTION,0,44377,Production
S-006,1195578,1310,Tangier,3/12/2025 0:00,Réparation Peripheri,645,0,Non-Production
S-004,1195578,1310,Tangier,3/13/2025 0:00,PRODUCTION,0,27816,Production
S-005,1195578,1310,Tangier,3/13/2025 0:00,micro arrêts,523,0,Production
S-005,1195578,1310,Tangier,3/13/2025 0:00,PRODUCTION,0,11711,Production
S-005,1195578,1310,Tangier,3/13/2025 0:00,Réparation Peripheri,1318,0,Non-Production
S-006,1195578,1310,Tangier,3/13/2025 0:00,PRODUCTION,0,43047,Production
S-006,1195578,1310,Tangier,3/13/2025 0:00,Réparation Peripheri,788,0,Non-Production
S-004,1195578,1310,Tangier,3/14/2025 0:00,PRODUCTION,0,22877,Production
S-004,1195578,1310,Tangier,3/14/2025 0:00,Réparation Peripheri,1120,0,Non-Production
S-005,1195578,1310,Tangier,3/14/2025 0:00,micro arrêts,572,0,Production
S-005,1195578,1310,Tangier,3/14/2025 0:00,PRODUCTION,0,4594,Production
S-006,1195578,1310,Tangier,3/14/2025 0:00,PRODUCTION,0,52408,Production
S-006,1195578,1310,Tangier,3/14/2025 0:00,Réparation Peripheri,773,0,Non-Production
S-004,1195578,1310,Tangier,3/15/2025 0:00,PRODUCTION,0,25513,Production
S-005,1195578,1310,Tangier,3/15/2025 0:00,micro arrêts,1073,0,Production
S-005,1195578,1310,Tangier,3/15/2025 0:00,PRODUCTION,0,10161,Production
S-006,1195578,1310,Tangier,3/15/2025 0:00,PRODUCTION,0,54350,Production
S-004,1195578,1310,Tangier,3/17/2025 0:00,PRODUCTION,0,28783,Production
S-004,1195578,1310,Tangier,3/17/2025 0:00,Réparation Peripheri,80,0,Non-Production
S-005,1195578,1310,Tangier,3/17/2025 0:00,micro arrêts,1026,0,Production
S-005,1195578,1310,Tangier,3/17/2025 0:00,PRODUCTION,0,21563,Production
S-006,1195578,1310,Tangier,3/17/2025 0:00,PRODUCTION,0,41165,Production
S-006,1195578,1310,Tangier,3/17/2025 0:00,Réparation Peripheri,1638,0,Non-Production
S-004,1195578,1310,Tangier,3/18/2025 0:00,PRODUCTION,0,19737,Production
S-004,1195578,1310,Tangier,3/18/2025 0:00,Réparation Peripheri,8877,0,Non-Production
S-005,1195578,1310,Tangier,3/18/2025 0:00,micro arrêts,387,0,Production
S-005,1195578,1310,Tangier,3/18/2025 0:00,PRODUCTION,0,40,Production
S-006,1195578,1310,Tangier,3/18/2025 0:00,PRODUCTION,0,57625,Production
S-004,1195578,1310,Tangier,3/19/2025 0:00,PRODUCTION,0,27015,Production
S-005,1195578,1310,Tangier,3/19/2025 0:00,micro arrêts,64,0,Production
S-005,1195578,1310,Tangier,3/19/2025 0:00,PRODUCTION,0,30,Production
S-006,1195578,1310,Tangier,3/19/2025 0:00,PRODUCTION,0,57189,Production
S-004,1195578,1310,Tangier,3/20/2025 0:00,PRODUCTION,0,26956,Production
S-004,1195578,1310,Tangier,3/20/2025 0:00,Réparation Peripheri,445,0,Non-Production
S-006,1195578,1310,Tangier,3/20/2025 0:00,PRODUCTION,0,55685,Production
S-004,1195578,1310,Tangier,3/21/2025 0:00,PRODUCTION,0,22024,Production
S-004,1195578,1310,Tangier,3/21/2025 0:00,Réparation Peripheri,5753,0,Non-Production
S-006,1195578,1310,Tangier,3/21/2025 0:00,PRODUCTION,0,43392,Production
S-006,1195578,1310,Tangier,3/21/2025 0:00,Réparation Peripheri,97,0,Non-Production
S-004,1195578,1310,Tangier,3/22/2025 0:00,PRODUCTION,0,24485,Production
S-004,1195578,1310,Tangier,3/22/2025 0:00,Réparation Peripheri,2127,0,Non-Production
S-006,1195578,1310,Tangier,3/22/2025 0:00,PRODUCTION,0,46506,Production
S-004,1195578,1310,Tangier,3/24/2025 0:00,PRODUCTION,0,27058,Production
S-006,1195578,1310,Tangier,3/24/2025 0:00,PRODUCTION,0,48755,Production
S-006,1195578,1310,Tangier,3/24/2025 0:00,Réparation Peripheri,274,0,Non-Production
S-004,1195578,1310,Tangier,3/25/2025 0:00,PRODUCTION,0,11725,Production
S-006,1195578,1310,Tangier,3/25/2025 0:00,PRODUCTION,0,46637,Production
S-006,1195578,1310,Tangier,3/25/2025 0:00,Réparation Peripheri,2348,0,Non-Production
S-006,1195578,1310,Tangier,3/26/2025 0:00,PRODUCTION,0,54257,Production
S-006,1195578,1310,Tangier,3/26/2025 0:00,Réparation Peripheri,3509,0,Non-Production
S-006,1195578,1310,Tangier,3/27/2025 0:00,PRODUCTION,0,57060,Production
S-006,1195578,1310,Tangier,3/28/2025 0:00,PRODUCTION,0,33829,Production
S-006,1195578,1310,Tangier,4/2/2025 0:00,PRODUCTION,0,61552,Production
S-006,1195578,1310,Tangier,4/2/2025 0:00,Réparation Peripheri,1719,0,Non-Production
S-006,1195578,1310,Tangier,4/3/2025 0:00,PRODUCTION,0,45888,Production
S-006,1195578,1310,Tangier,4/3/2025 0:00,Réparation Peripheri,2577,0,Non-Production
S-006,1195578,1310,Tangier,4/4/2025 0:00,PRODUCTION,0,84892,Production
S-006,1195578,1310,Tangier,4/5/2025 0:00,PRODUCTION,0,56597,Production
S-006,1195578,1310,Tangier,4/5/2025 0:00,Réparation Peripheri,146,0,Non-Production
S-006,1195578,1310,Tangier,4/7/2025 0:00,PRODUCTION,0,54709,Production
S-006,1195578,1310,Tangier,4/8/2025 0:00,PRODUCTION,0,56782,Production
S-005,1195578,1310,Tangier,4/9/2025 0:00,PRODUCTION,0,4275,Production
S-006,1195578,1310,Tangier,4/9/2025 0:00,PRODUCTION,0,56258,Production
S-006,1195578,1310,Tangier,4/10/2025 0:00,PRODUCTION,0,22330,Production
S-006,1195578,1310,Tangier,4/10/2025 0:00,Réparation Peripheri,675,0,Non-Production
S-004,1195578,1310,Tangier,4/11/2025 0:00,PRODUCTION,0,7517,Production
S-004,1195578,1310,Tangier,4/11/2025 0:00,Réparation Peripheri,9295,0,Non-Production
S-005,1195578,1310,Tangier,4/11/2025 0:00,PRODUCTION,0,19249,Production
S-006,1195578,1310,Tangier,4/11/2025 0:00,PRODUCTION,0,54856,Production
S-006,1195578,1310,Tangier,4/11/2025 0:00,Réparation Peripheri,491,0,Non-Production
S-004,1195578,1310,Tangier,4/12/2025 0:00,PRODUCTION,0,14506,Production
S-006,1195578,1310,Tangier,4/12/2025 0:00,PRODUCTION,0,53525,Production
S-006,1195578,1310,Tangier,4/12/2025 0:00,Réparation Peripheri,676,0,Non-Production
S-004,1195578,1310,Tangier,4/14/2025 0:00,PRODUCTION,0,20690,Production
S-004,1195578,1310,Tangier,4/14/2025 0:00,Réparation Peripheri,8064,0,Non-Production
S-006,1195578,1310,Tangier,4/14/2025 0:00,Panne Machine,2691,0,Non-Production
S-006,1195578,1310,Tangier,4/14/2025 0:00,PRODUCTION,0,35078,Production
S-006,1195578,1310,Tangier,4/14/2025 0:00,Réparation Peripheri,1655,0,Non-Production
S-004,1195578,1310,Tangier,4/15/2025 0:00,PRODUCTION,0,23353,Production
S-004,1195578,1310,Tangier,4/15/2025 0:00,Réparation Peripheri,1750,0,Non-Production
S-005,1195578,1310,Tangier,4/15/2025 0:00,PRODUCTION,0,11098,Production
S-005,1195578,1310,Tangier,4/15/2025 0:00,Réparation Peripheri,3027,0,Non-Production
S-006,1195578,1310,Tangier,4/15/2025 0:00,PRODUCTION,0,32954,Production
S-004,1195578,1310,Tangier,4/16/2025 0:00,PRODUCTION,0,22140,Production
S-004,1195578,1310,Tangier,4/16/2025 0:00,Réparation Peripheri,6185,0,Non-Production
S-006,1195578,1310,Tangier,4/16/2025 0:00,PRODUCTION,0,36580,Production
S-006,1195578,1310,Tangier,4/16/2025 0:00,Réparation Peripheri,1813,0,Non-Production
S-004,1195578,1310,Tangier,4/17/2025 0:00,PRODUCTION,0,11829,Production
S-004,1195578,1310,Tangier,4/17/2025 0:00,Réparation Peripheri,278,0,Non-Production
S-005,1195578,1310,Tangier,4/17/2025 0:00,PRODUCTION,0,908,Production
S-006,1195578,1310,Tangier,4/17/2025 0:00,PRODUCTION,0,43441,Production
S-006,1195578,1310,Tangier,4/17/2025 0:00,Réparation Peripheri,593,0,Non-Production
S-005,1195578,1310,Tangier,4/18/2025 0:00,PRODUCTION,0,28080,Production
S-005,1195578,1310,Tangier,4/18/2025 0:00,Réparation Peripheri,891,0,Non-Production
S-006,1195578,1310,Tangier,4/18/2025 0:00,PRODUCTION,0,57829,Production
S-005,1195578,1310,Tangier,4/19/2025 0:00,PRODUCTION,0,43990,Production
S-006,1195578,1310,Tangier,4/19/2025 0:00,PRODUCTION,0,57582,Production
S-005,1195578,1310,Tangier,4/21/2025 0:00,PRODUCTION,0,37117,Production
S-005,1195578,1310,Tangier,4/21/2025 0:00,Réparation Peripheri,8418,0,Non-Production
S-006,1195578,1310,Tangier,4/21/2025 0:00,PRODUCTION,0,41670,Production
S-006,1195578,1310,Tangier,4/21/2025 0:00,Réparation Peripheri,7286,0,Non-Production
S-005,1195578,1310,Tangier,4/22/2025 0:00,Panne Machine Elect,2191,0,Non-Production
S-005,1195578,1310,Tangier,4/22/2025 0:00,PRODUCTION,0,23441,Production
S-005,1195578,1310,Tangier,4/22/2025 0:00,Réparation Peripheri,25139,0,Non-Production
S-006,1195578,1310,Tangier,4/22/2025 0:00,PRODUCTION,0,58911,Production
S-006,1195578,1310,Tangier,4/22/2025 0:00,Réparation Peripheri,881,0,Non-Production
S-005,1195578,1310,Tangier,4/23/2025 0:00,Panne Machine,8428,0,Non-Production
S-005,1195578,1310,Tangier,4/23/2025 0:00,PRODUCTION,0,22896,Production
S-005,1195578,1310,Tangier,4/23/2025 0:00,Réparation Peripheri,214,0,Non-Production
S-006,1195578,1310,Tangier,4/23/2025 0:00,PRODUCTION,0,52379,Production
S-006,1195578,1310,Tangier,4/23/2025 0:00,Réparation Peripheri,1293,0,Non-Production
S-005,1195578,1310,Tangier,4/24/2025 0:00,PRODUCTION,0,50605,Production
S-005,1195578,1310,Tangier,4/24/2025 0:00,Réparation Peripheri,383,0,Non-Production
S-006,1195578,1310,Tangier,4/24/2025 0:00,PRODUCTION,0,51445,Production
S-006,1195578,1310,Tangier,4/24/2025 0:00,Réparation Peripheri,3815,0,Non-Production
S-005,1195578,1310,Tangier,4/25/2025 0:00,PRODUCTION,0,29675,Production
S-006,1195578,1310,Tangier,4/25/2025 0:00,PRODUCTION,0,34376,Production
S-006,1195578,1310,Tangier,4/25/2025 0:00,Réparation Peripheri,1190,0,Non-Production
S-004,1195578,1310,Tangier,4/28/2025 0:00,PRODUCTION,0,5768,Production
S-004,1195578,1310,Tangier,4/28/2025 0:00,Réparation Peripheri,12509,0,Non-Production
S-006,1195578,1310,Tangier,4/28/2025 0:00,PRODUCTION,0,13246,Production
S-006,1195578,1310,Tangier,4/28/2025 0:00,Réparation Peripheri,1063,0,Non-Production
S-004,1195578,1310,Tangier,4/29/2025 0:00,PRODUCTION,0,25969,Production
S-004,1195578,1310,Tangier,4/29/2025 0:00,Réparation Peripheri,41,0,Non-Production
S-006,1195578,1310,Tangier,4/29/2025 0:00,PRODUCTION,0,41058,Production
S-006,1195578,1310,Tangier,4/29/2025 0:00,Réparation Peripheri,404,0,Non-Production
S-004,1195578,1310,Tangier,4/30/2025 0:00,PRODUCTION,0,14790,Production
S-004,1195578,1310,Tangier,4/30/2025 0:00,Réparation Peripheri,4371,0,Non-Production
S-006,1195578,1310,Tangier,4/30/2025 0:00,PRODUCTION,0,54122,Production
S-006,1195578,1310,Tangier,4/30/2025 0:00,Réparation Peripheri,23,0,Non-Production
S-004,1195578,1310,Tangier,5/1/2025 0:00,PRODUCTION,0,26854,Production
S-006,1195578,1310,Tangier,5/1/2025 0:00,PRODUCTION,0,56449,Production
S-006,1195578,1310,Tangier,5/2/2025 0:00,PRODUCTION,0,56984,Production
S-006,1195578,1310,Tangier,5/3/2025 0:00,PRODUCTION,0,50431,Production
S-006,1195578,1310,Tangier,5/3/2025 0:00,Réparation Peripheri,5213,0,Non-Production
S-005,1195578,1310,Tangier,5/5/2025 0:00,PRODUCTION,0,6275,Production
S-005,1195578,1310,Tangier,5/5/2025 0:00,Réparation Peripheri,794,0,Non-Production
S-006,1195578,1310,Tangier,5/5/2025 0:00,PRODUCTION,0,29047,Production
S-006,1195578,1310,Tangier,5/6/2025 0:00, att.Répar externe,16,0,Non-Production
S-006,1195578,1310,Tangier,5/6/2025 0:00,Main. att répa mécan,11,0,Non-Production
S-006,1195578,1310,Tangier,5/6/2025 0:00,Panne Machine,8,0,Non-Production
S-006,1195578,1310,Tangier,5/6/2025 0:00,Panne Machine Elect,18,0,Non-Production
S-006,1195578,1310,Tangier,5/6/2025 0:00,PRODUCTION,0,47858,Production
S-006,1195578,1310,Tangier,5/6/2025 0:00,Réparation Peripheri,1087,0,Non-Production
S-006,1195578,1310,Tangier,5/7/2025 0:00,PRODUCTION,0,47292,Production
S-006,1195578,1310,Tangier,5/7/2025 0:00,Réparation Peripheri,1832,0,Non-Production
S-006,1195578,1310,Tangier,5/8/2025 0:00,PRODUCTION,0,35688,Production
S-006,1195578,1310,Tangier,5/8/2025 0:00,Réparation Peripheri,1281,0,Non-Production
S-006,1195578,1310,Tangier,5/9/2025 0:00,PRODUCTION,0,41780,Production
S-006,1195578,1310,Tangier,5/9/2025 0:00,Réparation Peripheri,7753,0,Non-Production
S-005,1195578,1310,Tangier,5/12/2025 0:00,PRODUCTION,0,12162,Production
S-005,1195578,1310,Tangier,5/12/2025 0:00,Réparation Peripheri,815,0,Non-Production
S-006,1195578,1310,Tangier,5/12/2025 0:00,PRODUCTION,0,47149,Production
S-005,1195578,1310,Tangier,5/13/2025 0:00,PRODUCTION,0,4277,Production
S-006,1195578,1310,Tangier,5/13/2025 0:00,PRODUCTION,0,55264,Production
S-005,1195578,1310,Tangier,5/14/2025 0:00,PRODUCTION,0,6320,Production
S-005,1195578,1310,Tangier,5/14/2025 0:00,Réparation Peripheri,136,0,Non-Production
S-006,1195578,1310,Tangier,5/14/2025 0:00,PRODUCTION,0,44005,Production
S-006,1195578,1310,Tangier,5/14/2025 0:00,Réparation Peripheri,4575,0,Non-Production
S-006,1195578,1310,Tangier,5/15/2025 0:00,PRODUCTION,0,49568,Production
S-006,1195578,1310,Tangier,5/15/2025 0:00,Réparation Peripheri,1883,0,Non-Production
S-006,1195578,1310,Tangier,5/16/2025 0:00,PRODUCTION,0,27536,Production
S-006,1195578,1310,Tangier,5/16/2025 0:00,Réparation Peripheri,8502,0,Non-Production
S-006,1195578,1310,Tangier,5/17/2025 0:00,PRODUCTION,0,46294,Production
S-006,1195578,1310,Tangier,5/19/2025 0:00,PRODUCTION,0,54996,Production
S-006,1195578,1310,Tangier,5/19/2025 0:00,Réparation Peripheri,776,0,Non-Production
S-006,1195578,1310,Tangier,5/20/2025 0:00,PRODUCTION,0,39383,Production
S-006,1195578,1310,Tangier,5/21/2025 0:00,PRODUCTION,0,53442,Production
S-006,1195578,1310,Tangier,5/21/2025 0:00,Réparation Peripheri,1837,0,Non-Production
S-006,1195578,1310,Tangier,5/22/2025 0:00,PRODUCTION,0,45106,Production
S-006,1195578,1310,Tangier,5/22/2025 0:00,Réparation Peripheri,2764,0,Non-Production
S-006,1195578,1310,Tangier,5/23/2025 0:00,PRODUCTION,0,55726,Production
S-006,1195578,1310,Tangier,5/23/2025 0:00,Réparation Peripheri,511,0,Non-Production
S-006,1195578,1310,Tangier,5/24/2025 0:00,PRODUCTION,0,51527,Production
S-003,1195578,1310,Tangier,5/26/2025 0:00,PRODUCTION,0,63,Production
S-006,1195578,1310,Tangier,5/26/2025 0:00,PRODUCTION,0,52087,Production
S-006,1195578,1310,Tangier,5/27/2025 0:00,PRODUCTION,0,56482,Production
S-006,1195578,1310,Tangier,5/28/2025 0:00,Panne Machine,2336,0,Non-Production
S-006,1195578,1310,Tangier,5/28/2025 0:00,PRODUCTION,0,54030,Production
S-006,1195578,1310,Tangier,5/29/2025 0:00,PRODUCTION,0,56500,Production
S-003,1195578,1310,Tangier,5/30/2025 0:00,PRODUCTION,0,15215,Production
S-006,1195578,1310,Tangier,5/30/2025 0:00,PRODUCTION,0,56470,Production
S-006,1195578,1310,Tangier,5/31/2025 0:00,PRODUCTION,0,35973,Production
S-005,1195578,1310,Tangier,6/2/2025 0:00,PRODUCTION,0,7298,Production
S-005,1195578,1310,Tangier,6/2/2025 0:00,Réparation Peripheri,2221,0,Non-Production
S-006,1195578,1310,Tangier,6/2/2025 0:00,Panne Machine,13567,0,Non-Production
S-006,1195578,1310,Tangier,6/2/2025 0:00,Panne Machine Elect,9,0,Non-Production
S-006,1195578,1310,Tangier,6/2/2025 0:00,PRODUCTION,0,7602,Production
S-006,1195578,1310,Tangier,6/2/2025 0:00,Réparation Peripheri,1287,0,Non-Production
S-005,1195578,1310,Tangier,6/3/2025 0:00,PRODUCTION,0,4990,Production
S-005,1195578,1310,Tangier,6/3/2025 0:00,Réparation Peripheri,62,0,Non-Production
S-006,1195578,1310,Tangier,6/3/2025 0:00,PRODUCTION,0,54772,Production
S-003,1195578,1310,Tangier,6/4/2025 0:00,PRODUCTION,0,18375,Production
S-003,1195578,1310,Tangier,6/4/2025 0:00,Réparation Peripheri,5054,0,Non-Production
S-005,1195578,1310,Tangier,6/4/2025 0:00,PRODUCTION,0,22520,Production
S-006,1195578,1310,Tangier,6/4/2025 0:00,PRODUCTION,0,35928,Production
S-006,1195578,1310,Tangier,6/5/2025 0:00,PRODUCTION,0,19853,Production
S-006,1195578,1310,Tangier,6/5/2025 0:00,Réparation Peripheri,1251,0,Non-Production
S-005,1195578,1310,Tangier,6/9/2025 0:00,PRODUCTION,0,20041,Production
S-006,1195578,1310,Tangier,6/9/2025 0:00,PRODUCTION,0,49097,Production
S-006,1195578,1310,Tangier,6/9/2025 0:00,Réparation Peripheri,1167,0,Non-Production
S-005,1195578,1310,Tangier,6/10/2025 0:00,PRODUCTION,0,23296,Production
S-006,1195578,1310,Tangier,6/10/2025 0:00,PRODUCTION,0,56382,Production
S-003,1195578,1310,Tangier,6/11/2025 0:00,PRODUCTION,0,13423,Production
S-005,1195578,1310,Tangier,6/11/2025 0:00,PRODUCTION,0,22090,Production
S-006,1195578,1310,Tangier,6/11/2025 0:00,PRODUCTION,0,43735,Production
S-003,1195578,1310,Tangier,6/12/2025 0:00,PRODUCTION,0,14962,Production
S-003,1195578,1310,Tangier,6/12/2025 0:00,Réparation Peripheri,972,0,Non-Production
S-004,1195578,1310,Tangier,6/12/2025 0:00,Réparation Peripheri,7050,0,Non-Production
S-005,1195578,1310,Tangier,6/12/2025 0:00,PRODUCTION,0,12761,Production
S-005,1195578,1310,Tangier,6/12/2025 0:00,Réparation Peripheri,52,0,Non-Production
S-006,1195578,1310,Tangier,6/12/2025 0:00,PRODUCTION,0,37226,Production
S-003,1195578,1310,Tangier,6/13/2025 0:00,PRODUCTION,0,1411,Production
S-004,1195578,1310,Tangier,6/13/2025 0:00,PRODUCTION,0,7924,Production
S-005,1195578,1310,Tangier,6/13/2025 0:00,PRODUCTION,0,19343,Production
S-006,1195578,1310,Tangier,6/13/2025 0:00,PRODUCTION,0,11951,Production
S-005,1195578,1310,Tangier,6/14/2025 0:00,PRODUCTION,0,25696,Production
S-006,1195578,1310,Tangier,6/14/2025 0:00,PRODUCTION,0,27585,Production
S-005,1195578,1310,Tangier,6/16/2025 0:00,PRODUCTION,0,19795,Production
S-006,1195578,1310,Tangier,6/16/2025 0:00,PRODUCTION,0,52621,Production
S-005,1195578,1310,Tangier,6/17/2025 0:00,PRODUCTION,0,24578,Production
S-005,1195578,1310,Tangier,6/17/2025 0:00,Réparation Peripheri,230,0,Non-Production
S-006,1195578,1310,Tangier,6/17/2025 0:00,PRODUCTION,0,54474,Production
S-005,1195578,1310,Tangier,6/18/2025 0:00,PRODUCTION,0,23148,Production
S-005,1195578,1310,Tangier,6/18/2025 0:00,Réparation Peripheri,271,0,Non-Production
S-006,1195578,1310,Tangier,6/18/2025 0:00,PRODUCTION,0,20594,Production
S-006,1195578,1310,Tangier,6/18/2025 0:00,Réparation Peripheri,3065,0,Non-Production
S-005,1195578,1310,Tangier,6/19/2025 0:00,PRODUCTION,0,17370,Production
S-006,1195578,1310,Tangier,6/19/2025 0:00,PRODUCTION,0,37437,Production
S-005,1195578,1310,Tangier,6/20/2025 0:00,PRODUCTION,0,17311,Production
S-005,1195578,1310,Tangier,6/20/2025 0:00,Réparation Peripheri,3872,0,Non-Production
S-006,1195578,1310,Tangier,6/20/2025 0:00,PRODUCTION,0,38219,Production
S-005,1195578,1310,Tangier,6/21/2025 0:00,PRODUCTION,0,29430,Production
S-006,1195578,1310,Tangier,6/21/2025 0:00,PRODUCTION,0,53862,Production
S-005,1195578,1310,Tangier,6/22/2025 0:00,PRODUCTION,0,26758,Production
S-005,1195578,1310,Tangier,6/22/2025 0:00,Réparation Peripheri,187,0,Non-Production
S-006,1195578,1310,Tangier,6/22/2025 0:00,Panne Machine,12680,0,Non-Production
S-006,1195578,1310,Tangier,6/22/2025 0:00,PRODUCTION,0,64317,Production
S-006,1195578,1310,Tangier,6/22/2025 0:00,Réparation Peripheri,764,0,Non-Production
S-005,1195578,1310,Tangier,6/23/2025 0:00,PRODUCTION,0,22862,Production
S-006,1195578,1310,Tangier,6/23/2025 0:00,PRODUCTION,0,55338,Production
S-005,1195578,1310,Tangier,6/24/2025 0:00,PRODUCTION,0,25832,Production
S-006,1195578,1310,Tangier,6/24/2025 0:00,PRODUCTION,0,55004,Production
S-005,1195578,1310,Tangier,6/25/2025 0:00,PRODUCTION,0,24653,Production
S-006,1195578,1310,Tangier,6/25/2025 0:00,Panne Machine Elect,1025,0,Non-Production
S-006,1195578,1310,Tangier,6/25/2025 0:00,PRODUCTION,0,49071,Production
S-006,1195578,1310,Tangier,6/25/2025 0:00,Réparation Peripheri,435,0,Non-Production
S-004,1195578,1310,Tangier,6/26/2025 0:00,PRODUCTION,0,16000,Production
S-004,1195578,1310,Tangier,6/26/2025 0:00,Réparation Peripheri,230,0,Non-Production
S-006,1195578,1310,Tangier,6/26/2025 0:00,PRODUCTION,0,50015,Production
S-006,1195578,1310,Tangier,6/27/2025 0:00,PRODUCTION,0,57256,Production
S-003,1195578,1310,Tangier,6/30/2025 0:00,PRODUCTION,0,52834,Production
S-003,1195578,1310,Tangier,6/30/2025 0:00,Réparation Peripheri,1013,0,Non-Production
S-006,1195578,1310,Tangier,6/30/2025 0:00,PRODUCTION,0,31671,Production
S-001,1195578,1310,Tangier,7/1/2025 0:00,PRODUCTION,0,32,Production
S-003,1195578,1310,Tangier,7/1/2025 0:00,PRODUCTION,0,20516,Production
S-006,1195578,1310,Tangier,7/1/2025 0:00,PRODUCTION,0,56512,Production
S-006,1195578,1310,Tangier,7/1/2025 0:00,Réparation Peripheri,395,0,Non-Production
S-001,1195578,1310,Tangier,7/2/2025 0:00,PRODUCTION,0,57,Production
S-006,1195578,1310,Tangier,7/2/2025 0:00,PRODUCTION,0,47112,Production
S-006,1195578,1310,Tangier,7/3/2025 0:00,PRODUCTION,0,54680,Production
S-006,1195578,1310,Tangier,7/4/2025 0:00,PRODUCTION,0,47698,Production
S-006,1195578,1310,Tangier,7/4/2025 0:00,Réparation Peripheri,3600,0,Non-Production
S-006,1195578,1310,Tangier,7/5/2025 0:00,PRODUCTION,0,30171,Production
S-006,1195578,1310,Tangier,7/5/2025 0:00,Réparation Peripheri,3271,0,Non-Production
S-003,1195578,1310,Tangier,7/7/2025 0:00,PRODUCTION,0,29542,Production
S-006,1195578,1310,Tangier,7/7/2025 0:00,PRODUCTION,0,85454,Production
S-003,1195578,1310,Tangier,7/8/2025 0:00,PRODUCTION,0,41699,Production
S-006,1195578,1310,Tangier,7/8/2025 0:00,PRODUCTION,0,52528,Production
S-006,1195578,1310,Tangier,7/8/2025 0:00,Réparation Peripheri,1638,0,Non-Production
S-003,1195578,1310,Tangier,7/9/2025 0:00,PRODUCTION,0,55487,Production
S-006,1195578,1310,Tangier,7/9/2025 0:00,PRODUCTION,0,38204,Production
S-003,1195578,1310,Tangier,7/10/2025 0:00,PRODUCTION,0,44342,Production
S-003,1195578,1310,Tangier,7/10/2025 0:00,Réparation Peripheri,718,0,Non-Production
S-004,1195578,1310,Tangier,7/10/2025 0:00,PRODUCTION,0,26394,Production
S-004,1195578,1310,Tangier,7/10/2025 0:00,Réparation Peripheri,623,0,Non-Production
S-006,1195578,1310,Tangier,7/10/2025 0:00,PRODUCTION,0,43583,Production
S-006,1195578,1310,Tangier,7/10/2025 0:00,Réparation Peripheri,2663,0,Non-Production
S-003,1195578,1310,Tangier,7/11/2025 0:00,PRODUCTION,0,53915,Production
S-004,1195578,1310,Tangier,7/11/2025 0:00,PRODUCTION,0,27190,Production
S-006,1195578,1310,Tangier,7/11/2025 0:00,PRODUCTION,0,54342,Production
S-003,1195578,1310,Tangier,7/12/2025 0:00,PRODUCTION,0,57607,Production
S-006,1195578,1310,Tangier,7/12/2025 0:00,PRODUCTION,0,52458,Production
S-003,1195578,1310,Tangier,7/14/2025 0:00,PRODUCTION,0,57064,Production
S-006,1195578,1310,Tangier,7/14/2025 0:00,PRODUCTION,0,55539,Production
S-006,1195578,1310,Tangier,7/14/2025 0:00,Réparation Peripheri,952,0,Non-Production
S-003,1195578,1310,Tangier,7/15/2025 0:00,PRODUCTION,0,20408,Production
S-006,1195578,1310,Tangier,7/15/2025 0:00,PRODUCTION,0,37235,Production
S-003,1195578,1310,Tangier,7/16/2025 0:00,PRODUCTION,0,28757,Production
S-006,1195578,1310,Tangier,7/16/2025 0:00,PRODUCTION,0,55146,Production
S-003,1195578,1310,Tangier,7/17/2025 0:00,PRODUCTION,0,28445,Production
S-006,1195578,1310,Tangier,7/17/2025 0:00,PRODUCTION,0,40287,Production
S-003,1195578,1310,Tangier,7/18/2025 0:00,PRODUCTION,0,27934,Production
S-006,1195578,1310,Tangier,7/18/2025 0:00,PRODUCTION,0,52079,Production
S-003,1195578,1310,Tangier,7/19/2025 0:00,PRODUCTION,0,27759,Production
S-006,1195578,1310,Tangier,7/19/2025 0:00,PRODUCTION,0,51618,Production
S-006,1195578,1310,Tangier,7/19/2025 0:00,Réparation Peripheri,5115,0,Non-Production
S-003,1195578,1310,Tangier,7/21/2025 0:00,PRODUCTION,0,28585,Production
S-005,1195578,1310,Tangier,7/21/2025 0:00,PRODUCTION,0,33729,Production
S-006,1195578,1310,Tangier,7/21/2025 0:00,PRODUCTION,0,57021,Production
S-003,1195578,1310,Tangier,7/22/2025 0:00,PRODUCTION,0,27291,Production
S-003,1195578,1310,Tangier,7/22/2025 0:00,Réparation Peripheri,613,0,Non-Production
S-005,1195578,1310,Tangier,7/22/2025 0:00,PRODUCTION,0,45988,Production
S-005,1195578,1310,Tangier,7/22/2025 0:00,Réparation Peripheri,14,0,Non-Production
S-006,1195578,1310,Tangier,7/22/2025 0:00,PRODUCTION,0,56705,Production
S-003,1195578,1310,Tangier,7/23/2025 0:00,PRODUCTION,0,25031,Production
S-005,1195578,1310,Tangier,7/23/2025 0:00,PRODUCTION,0,41075,Production
S-005,1195578,1310,Tangier,7/23/2025 0:00,Réparation Peripheri,2279,0,Non-Production
S-006,1195578,1310,Tangier,7/23/2025 0:00,PRODUCTION,0,40963,Production
S-003,1195578,1310,Tangier,7/24/2025 0:00,PRODUCTION,0,56702,Production
S-006,1195578,1310,Tangier,7/24/2025 0:00,PRODUCTION,0,57611,Production
S-003,1195578,1310,Tangier,7/25/2025 0:00,PRODUCTION,0,57582,Production
S-006,1195578,1310,Tangier,7/25/2025 0:00,PRODUCTION,0,57107,Production
S-003,1195578,1310,Tangier,7/28/2025 0:00,PRODUCTION,0,56449,Production
S-004,1195578,1310,Tangier,7/28/2025 0:00,PRODUCTION,0,50514,Production
S-006,1195578,1310,Tangier,7/28/2025 0:00,PRODUCTION,0,53832,Production
S-003,1195578,1310,Tangier,7/29/2025 0:00,PRODUCTION,0,57587,Production
S-004,1195578,1310,Tangier,7/29/2025 0:00,Panne Machine Elect,1623,0,Non-Production
S-004,1195578,1310,Tangier,7/29/2025 0:00,PRODUCTION,0,35706,Production
S-006,1195578,1310,Tangier,7/29/2025 0:00,PRODUCTION,0,57162,Production
S-003,1195578,1310,Tangier,7/30/2025 0:00,PRODUCTION,0,57485,Production
S-006,1195578,1310,Tangier,7/30/2025 0:00,PRODUCTION,0,53985,Production
S-006,1195578,1310,Tangier,7/30/2025 0:00,Réparation Peripheri,747,0,Non-Production
S-003,1195578,1310,Tangier,7/31/2025 0:00,PRODUCTION,0,55195,Production
S-006,1195578,1310,Tangier,7/31/2025 0:00,PRODUCTION,0,35268,Production
S-003,1195578,1310,Tangier,8/1/2025 0:00,PRODUCTION,0,57454,Production
S-006,1195578,1310,Tangier,8/1/2025 0:00,PRODUCTION,0,51225,Production
S-006,1195578,1310,Tangier,8/1/2025 0:00,Réparation Peripheri,2582,0,Non-Production
S-003,1195578,1310,Tangier,8/2/2025 0:00,PRODUCTION,0,56304,Production
S-006,1195578,1310,Tangier,8/2/2025 0:00,PRODUCTION,0,56032,Production
S-006,1195578,1310,Tangier,8/2/2025 0:00,Réparation Peripheri,123,0,Non-Production
S-003,1195578,1310,Tangier,8/3/2025 0:00,PRODUCTION,0,16,Production
S-003,1195578,1310,Tangier,8/4/2025 0:00,PRODUCTION,0,57984,Production
S-006,1195578,1310,Tangier,8/4/2025 0:00,PRODUCTION,0,52843,Production
S-006,1195578,1310,Tangier,8/4/2025 0:00,Réparation Peripheri,420,0,Non-Production
S-003,1195578,1310,Tangier,8/5/2025 0:00,PRODUCTION,0,28183,Production
S-004,1195578,1310,Tangier,8/5/2025 0:00,micro arrêts,1925,0,Production
S-004,1195578,1310,Tangier,8/5/2025 0:00,PRODUCTION,0,23987,Production
S-006,1195578,1310,Tangier,8/5/2025 0:00,PRODUCTION,0,49294,Production
S-006,1195578,1310,Tangier,8/5/2025 0:00,Réparation Peripheri,757,0,Non-Production
S-004,1195578,1310,Tangier,8/6/2025 0:00,PRODUCTION,0,30,Production
S-006,1195578,1310,Tangier,8/6/2025 0:00,PRODUCTION,0,53186,Production
S-003,1195578,1310,Tangier,8/7/2025 0:00,PRODUCTION,0,55769,Production
S-004,1195578,1310,Tangier,8/7/2025 0:00,micro arrêts,1565,0,Production
S-004,1195578,1310,Tangier,8/7/2025 0:00,PRODUCTION,0,26594,Production
S-006,1195578,1310,Tangier,8/7/2025 0:00,PRODUCTION,0,28885,Production
S-003,1195578,1310,Tangier,8/8/2025 0:00,PRODUCTION,0,57099,Production
S-004,1195578,1310,Tangier,8/8/2025 0:00,micro arrêts,2466,0,Production
S-004,1195578,1310,Tangier,8/8/2025 0:00,PRODUCTION,0,20144,Production
S-006,1195578,1310,Tangier,8/8/2025 0:00,Panne Machine,176,0,Non-Production
S-006,1195578,1310,Tangier,8/8/2025 0:00,PRODUCTION,0,13934,Production
S-006,1195578,1310,Tangier,8/8/2025 0:00,Réparation Peripheri,923,0,Non-Production
S-001,1195578,1310,Tangier,8/11/2025 0:00,PRODUCTION,0,15,Production
S-003,1195578,1310,Tangier,8/11/2025 0:00,micro arrêts,975,0,Production
S-003,1195578,1310,Tangier,8/11/2025 0:00,PRODUCTION,0,52614,Production
S-004,1195578,1310,Tangier,8/11/2025 0:00,PRODUCTION,0,15,Production
S-006,1195578,1310,Tangier,8/11/2025 0:00,micro arrêts,3591,0,Production
S-006,1195578,1310,Tangier,8/11/2025 0:00,PRODUCTION,0,51405,Production
S-003,1195578,1310,Tangier,8/12/2025 0:00,micro arrêts,904,0,Production
S-003,1195578,1310,Tangier,8/12/2025 0:00,PRODUCTION,0,56561,Production
S-006,1195578,1310,Tangier,8/12/2025 0:00,micro arrêts,2933,0,Production
S-006,1195578,1310,Tangier,8/12/2025 0:00,PRODUCTION,0,40725,Production
S-003,1195578,1310,Tangier,8/13/2025 0:00,micro arrêts,784,0,Production
S-003,1195578,1310,Tangier,8/13/2025 0:00,PRODUCTION,0,55643,Production
S-004,1195578,1310,Tangier,8/13/2025 0:00,micro arrêts,148,0,Production
S-004,1195578,1310,Tangier,8/13/2025 0:00,PRODUCTION,0,61,Production
S-006,1195578,1310,Tangier,8/13/2025 0:00,micro arrêts,1452,0,Production
S-006,1195578,1310,Tangier,8/13/2025 0:00,PRODUCTION,0,50237,Production
S-003,1195578,1310,Tangier,8/14/2025 0:00,micro arrêts,1161,0,Production
S-003,1195578,1310,Tangier,8/14/2025 0:00,PRODUCTION,0,39452,Production
S-006,1195578,1310,Tangier,8/14/2025 0:00,micro arrêts,1776,0,Production
S-006,1195578,1310,Tangier,8/14/2025 0:00,PRODUCTION,0,43936,Production
S-001,1195578,1310,Tangier,8/15/2025 0:00,PRODUCTION,0,15,Production
S-003,1195578,1310,Tangier,8/15/2025 0:00,micro arrêts,672,0,Production
S-003,1195578,1310,Tangier,8/15/2025 0:00,PRODUCTION,0,56854,Production
S-004,1195578,1310,Tangier,8/15/2025 0:00,PRODUCTION,0,15,Production
S-006,1195578,1310,Tangier,8/15/2025 0:00,micro arrêts,1203,0,Production
S-006,1195578,1310,Tangier,8/15/2025 0:00,PRODUCTION,0,29086,Production
S-003,1195578,1310,Tangier,8/24/2025 0:00,micro arrêts,4,0,Production
S-003,1195578,1310,Tangier,8/24/2025 0:00,PRODUCTION,0,19,Production
S-003,1195578,1310,Tangier,8/25/2025 0:00,micro arrêts,353,0,Production
S-003,1195578,1310,Tangier,8/25/2025 0:00,PRODUCTION,0,55051,Production
S-006,1195578,1310,Tangier,8/25/2025 0:00,micro arrêts,930,0,Production
S-006,1195578,1310,Tangier,8/25/2025 0:00,PRODUCTION,0,41233,Production
S-006,1195578,1310,Tangier,8/25/2025 0:00,Réparation Peripheri,9510,0,Non-Production
S-003,1195578,1310,Tangier,8/26/2025 0:00,PRODUCTION,0,56849,Production
S-006,1195578,1310,Tangier,8/26/2025 0:00,PRODUCTION,0,55210,Production
S-003,1195578,1310,Tangier,8/27/2025 0:00,PRODUCTION,0,57587,Production
S-005,1195578,1310,Tangier,8/27/2025 0:00,PRODUCTION,0,18574,Production
S-005,1195578,1310,Tangier,8/27/2025 0:00,Réparation Peripheri,10463,0,Non-Production
S-006,1195578,1310,Tangier,8/27/2025 0:00,PRODUCTION,0,47812,Production
S-003,1195578,1310,Tangier,8/28/2025 0:00,PRODUCTION,0,17450,Production
S-003,1195578,1310,Tangier,8/28/2025 0:00,Réparation Peripheri,298,0,Non-Production
S-005,1195578,1310,Tangier,8/28/2025 0:00,PRODUCTION,0,15003,Production
S-006,1195578,1310,Tangier,8/28/2025 0:00,PRODUCTION,0,63974,Production
S-003,1195578,1310,Tangier,8/29/2025 0:00,PRODUCTION,0,49594,Production
S-006,1195578,1310,Tangier,8/29/2025 0:00,PRODUCTION,0,57007,Production
S-003,1195578,1310,Tangier,8/30/2025 0:00,PRODUCTION,0,57641,Production
S-006,1195578,1310,Tangier,8/30/2025 0:00,PRODUCTION,0,54814,Production
S-003,1195578,1310,Tangier,9/1/2025 0:00,PRODUCTION,0,57431,Production
S-006,1195578,1310,Tangier,9/1/2025 0:00,PRODUCTION,0,57493,Production
S-003,1195578,1310,Tangier,9/2/2025 0:00,PRODUCTION,0,55598,Production
S-003,1195578,1310,Tangier,9/2/2025 0:00,Réparation Peripheri,670,0,Non-Production
S-006,1195578,1310,Tangier,9/2/2025 0:00,PRODUCTION,0,55236,Production
S-003,1195578,1310,Tangier,9/3/2025 0:00,PRODUCTION,0,53137,Production
S-003,1195578,1310,Tangier,9/3/2025 0:00,Réparation Peripheri,4498,0,Non-Production
S-006,1195578,1310,Tangier,9/3/2025 0:00,PRODUCTION,0,55355,Production
S-003,1195578,1310,Tangier,9/4/2025 0:00,PRODUCTION,0,57673,Production
S-006,1195578,1310,Tangier,9/4/2025 0:00,PRODUCTION,0,54292,Production
S-006,1195578,1310,Tangier,9/4/2025 0:00,Réparation Peripheri,404,0,Non-Production
S-003,1195578,1310,Tangier,9/5/2025 0:00,PRODUCTION,0,57314,Production
S-006,1195578,1310,Tangier,9/5/2025 0:00,PRODUCTION,0,47911,Production
S-006,1195578,1310,Tangier,9/5/2025 0:00,Réparation Peripheri,195,0,Non-Production
S-003,1195578,1310,Tangier,9/7/2025 0:00,PRODUCTION,0,1,Production
S-003,1195578,1310,Tangier,9/8/2025 0:00,PRODUCTION,0,51024,Production
S-006,1195578,1310,Tangier,9/8/2025 0:00,PRODUCTION,0,53161,Production
S-003,1195578,1310,Tangier,9/9/2025 0:00,PRODUCTION,0,53261,Production
S-006,1195578,1310,Tangier,9/9/2025 0:00,PRODUCTION,0,52026,Production
S-003,1195578,1310,Tangier,9/10/2025 0:00,PRODUCTION,0,57223,Production
S-004,1195578,1310,Tangier,9/10/2025 0:00,PRODUCTION,0,28697,Production
S-006,1195578,1310,Tangier,9/10/2025 0:00,PRODUCTION,0,20297,Production
S-003,1195578,1310,Tangier,9/11/2025 0:00,PRODUCTION,0,56462,Production
S-004,1195578,1310,Tangier,9/11/2025 0:00,PRODUCTION,0,52159,Production
S-006,1195578,1310,Tangier,9/11/2025 0:00,PRODUCTION,0,43085,Production
S-003,1195578,1310,Tangier,9/12/2025 0:00,PRODUCTION,0,57404,Production
S-004,1195578,1310,Tangier,9/12/2025 0:00,PRODUCTION,0,56520,Production
S-006,1195578,1310,Tangier,9/12/2025 0:00,PRODUCTION,0,56564,Production
S-003,1195578,1310,Tangier,9/13/2025 0:00,PRODUCTION,0,57246,Production
S-004,1195578,1310,Tangier,9/13/2025 0:00,PRODUCTION,0,26233,Production
S-006,1195578,1310,Tangier,9/13/2025 0:00,PRODUCTION,0,51047,Production
S-003,1195578,1310,Tangier,9/14/2025 0:00,PRODUCTION,0,27818,Production
S-006,1195578,1310,Tangier,9/14/2025 0:00,PRODUCTION,0,24780,Production
S-001,1195578,1310,Tangier,9/15/2025 0:00,PRODUCTION,0,5684,Production
S-003,1195578,1310,Tangier,9/15/2025 0:00,PRODUCTION,0,71936,Production
S-006,1195578,1310,Tangier,9/15/2025 0:00,PRODUCTION,0,84425,Production
S-003,1195578,1310,Tangier,9/16/2025 0:00,PRODUCTION,0,84597,Production
S-003,1195578,1310,Tangier,9/16/2025 0:00,Réparation Peripheri,654,0,Non-Production
S-004,1195578,1310,Tangier,9/16/2025 0:00,PRODUCTION,0,64,Production
S-006,1195578,1310,Tangier,9/16/2025 0:00,PRODUCTION,0,76499,Production
S-003,1195578,1310,Tangier,9/17/2025 0:00,PRODUCTION,0,81555,Production
S-005,1195578,1310,Tangier,9/17/2025 0:00,Réparation Peripheri,320,0,Non-Production
S-006,1195578,1310,Tangier,9/17/2025 0:00,PRODUCTION,0,80099,Production
S-003,1195578,1310,Tangier,9/18/2025 0:00,PRODUCTION,0,84259,Production
S-006,1195578,1310,Tangier,9/18/2025 0:00,PRODUCTION,0,70988,Production
S-003,1195578,1310,Tangier,9/19/2025 0:00,PRODUCTION,0,44163,Production
S-006,1195578,1310,Tangier,9/19/2025 0:00,PRODUCTION,0,35977,Production
S-003,1195578,1310,Tangier,9/21/2025 0:00,PRODUCTION,0,8075,Production
S-006,1195578,1310,Tangier,9/21/2025 0:00,PRODUCTION,0,7378,Production
S-003,1195578,1310,Tangier,9/22/2025 0:00,PRODUCTION,0,85196,Production
S-006,1195578,1310,Tangier,9/22/2025 0:00,PRODUCTION,0,86308,Production
S-003,1195578,1310,Tangier,9/23/2025 0:00,PRODUCTION,0,57478,Production
S-003,1195578,1310,Tangier,9/23/2025 0:00,Réparation Peripheri,81,0,Non-Production
S-004,1195578,1310,Tangier,9/23/2025 0:00,PRODUCTION,0,36597,Production
S-004,1195578,1310,Tangier,9/23/2025 0:00,Réparation Peripheri,1127,0,Non-Production
S-006,1195578,1310,Tangier,9/23/2025 0:00,PRODUCTION,0,86400,Production
S-003,1195578,1310,Tangier,9/24/2025 0:00,PRODUCTION,0,8788,Production
S-004,1195578,1310,Tangier,9/24/2025 0:00,PRODUCTION,0,56745,Production
S-006,1195578,1310,Tangier,9/24/2025 0:00,PRODUCTION,0,80341,Production
S-003,1195578,1310,Tangier,9/25/2025 0:00,PRODUCTION,0,12889,Production
S-004,1195578,1310,Tangier,9/25/2025 0:00,PRODUCTION,0,81044,Production
S-004,1195578,1310,Tangier,9/25/2025 0:00,Réparation Peripheri,3210,0,Non-Production
S-006,1195578,1310,Tangier,9/25/2025 0:00,PRODUCTION,0,84444,Production
S-003,1195578,1310,Tangier,9/26/2025 0:00,PRODUCTION,0,57443,Production
S-004,1195578,1310,Tangier,9/26/2025 0:00,PRODUCTION,0,83244,Production
S-006,1195578,1310,Tangier,9/26/2025 0:00,PRODUCTION,0,64589,Production
S-004,1195578,1310,Tangier,9/27/2025 0:00,PRODUCTION,0,71441,Production
S-006,1195578,1310,Tangier,9/27/2025 0:00,PRODUCTION,0,84292,Production
S-004,1195578,1310,Tangier,9/28/2025 0:00,PRODUCTION,0,82850,Production
S-004,1195578,1310,Tangier,9/28/2025 0:00,Réparation Peripheri,991,0,Non-Production
S-006,1195578,1310,Tangier,9/28/2025 0:00,PRODUCTION,0,86400,Production
S-003,1195578,1310,Tangier,9/29/2025 0:00,micro arrêts,870,0,Production
S-003,1195578,1310,Tangier,9/29/2025 0:00,PRODUCTION,0,55787,Production
S-004,1195578,1310,Tangier,9/29/2025 0:00,PRODUCTION,0,27653,Production
S-006,1195578,1310,Tangier,9/29/2025 0:00,PRODUCTION,0,62971,Production
S-006,1195578,1310,Tangier,9/30/2025 0:00,PRODUCTION,0,76964,Production
S-006,1195578,1310,Tangier,10/1/2025 0:00,PRODUCTION,0,66866,Production
S-006,1195578,1310,Tangier,10/2/2025 0:00,PRODUCTION,0,86400,Production
S-003,1195578,1310,Tangier,10/3/2025 0:00,PRODUCTION,0,30,Production
S-006,1195578,1310,Tangier,10/3/2025 0:00,PRODUCTION,0,27638,Production
S-006,1195578,1310,Tangier,10/6/2025 0:00,micro arrêts,2823,0,Production
S-006,1195578,1310,Tangier,10/6/2025 0:00,PRODUCTION,0,16030,Production
S-006,1195578,1310,Tangier,10/6/2025 0:00,Réparation Peripheri,123,0,Non-Production
S-006,1195578,1310,Tangier,10/7/2025 0:00,micro arrêts,1345,0,Production
S-006,1195578,1310,Tangier,10/7/2025 0:00,PRODUCTION,0,80415,Production
S-001,1195578,1310,Tangier,10/8/2025 0:00,PRODUCTION,0,54,Production
S-005,1195578,1310,Tangier,10/8/2025 0:00,micro arrêts,69,0,Production
S-005,1195578,1310,Tangier,10/8/2025 0:00,PRODUCTION,0,81,Production
S-005,1195578,1310,Tangier,10/8/2025 0:00,Réparation Peripheri,1041,0,Non-Production
S-006,1195578,1310,Tangier,10/8/2025 0:00,micro arrêts,2530,0,Production
S-006,1195578,1310,Tangier,10/8/2025 0:00,PRODUCTION,0,70442,Production
S-005,1195578,1310,Tangier,10/9/2025 0:00,micro arrêts,910,0,Production
S-005,1195578,1310,Tangier,10/9/2025 0:00,PRODUCTION,0,29054,Production
S-005,1195578,1310,Tangier,10/9/2025 0:00,Réparation Peripheri,586,0,Non-Production
S-006,1195578,1310,Tangier,10/9/2025 0:00,micro arrêts,737,0,Production
S-006,1195578,1310,Tangier,10/9/2025 0:00,PRODUCTION,0,52480,Production
S-001,1195578,1310,Tangier,10/10/2025 0:00,micro arrêts,2,0,Production
S-001,1195578,1310,Tangier,10/10/2025 0:00,PRODUCTION,0,80,Production
S-006,1195578,1310,Tangier,10/10/2025 0:00,micro arrêts,1926,0,Production
S-006,1195578,1310,Tangier,10/10/2025 0:00,PRODUCTION,0,63079,Production
S-006,1195578,1310,Tangier,10/10/2025 0:00,Réparation Peripheri,7101,0,Non-Production
S-006,1195578,1310,Tangier,10/11/2025 0:00,micro arrêts,1100,0,Production
S-006,1195578,1310,Tangier,10/11/2025 0:00,PRODUCTION,0,55865,Production
S-006,1195578,1310,Tangier,10/12/2025 0:00,micro arrêts,570,0,Production
S-006,1195578,1310,Tangier,10/12/2025 0:00,PRODUCTION,0,12863,Production
S-006,1195578,1310,Tangier,10/12/2025 0:00,Réparation Peripheri,176,0,Non-Production
S-006,1195578,1310,Tangier,10/13/2025 0:00,micro arrêts,1036,0,Production
S-006,1195578,1310,Tangier,10/13/2025 0:00,PRODUCTION,0,85002,Production
S-001,1195578,1310,Tangier,10/14/2025 0:00,PRODUCTION,0,72,Production
S-006,1195578,1310,Tangier,10/14/2025 0:00,PRODUCTION,0,86036,Production
S-001,1195578,1310,Tangier,10/15/2025 0:00,micro arrêts,509,0,Production
S-001,1195578,1310,Tangier,10/15/2025 0:00,PRODUCTION,0,45,Production
S-006,1195578,1310,Tangier,10/15/2025 0:00,PRODUCTION,0,52173,Production
S-006,1195578,1310,Tangier,10/15/2025 0:00,Réparation Peripheri,3787,0,Non-Production
S-006,1195578,1310,Tangier,10/16/2025 0:00,PRODUCTION,0,83110,Production
S-006,1195578,1310,Tangier,10/16/2025 0:00,Réparation Peripheri,95,0,Non-Production
S-006,1195578,1310,Tangier,10/17/2025 0:00,PRODUCTION,0,85915,Production
S-001,1195578,1310,Tangier,10/18/2025 0:00,micro arrêts,111,0,Production
S-001,1195578,1310,Tangier,10/18/2025 0:00,PRODUCTION,0,250,Production
S-006,1195578,1310,Tangier,10/18/2025 0:00,PRODUCTION,0,53637,Production
S-006,1195578,1310,Tangier,10/18/2025 0:00,Réparation Peripheri,31,0,Non-Production
S-006,1195578,1310,Tangier,10/19/2025 0:00,PRODUCTION,0,14074,Production
S-006,1195578,1310,Tangier,10/19/2025 0:00,Réparation Peripheri,10187,0,Non-Production
S-001,1195578,1310,Tangier,10/20/2025 0:00,micro arrêts,6,0,Production
S-001,1195578,1310,Tangier,10/20/2025 0:00,PRODUCTION,0,250,Production
S-004,1195578,1310,Tangier,10/20/2025 0:00,micro arrêts,351,0,Production
S-004,1195578,1310,Tangier,10/20/2025 0:00,PRODUCTION,0,11903,Production
S-006,1195578,1310,Tangier,10/20/2025 0:00,PRODUCTION,0,84611,Production
S-006,1195578,1310,Tangier,10/20/2025 0:00,Réparation Peripheri,1597,0,Non-Production
S-001,1195578,1310,Tangier,10/21/2025 0:00,micro arrêts,3315,0,Production
S-001,1195578,1310,Tangier,10/21/2025 0:00,Panne Machine,2571,0,Non-Production
S-001,1195578,1310,Tangier,10/21/2025 0:00,PRODUCTION,0,12692,Production
S-001,1195578,1310,Tangier,10/21/2025 0:00,Réparation Peripheri,4060,0,Non-Production
S-004,1195578,1310,Tangier,10/21/2025 0:00,micro arrêts,1459,0,Production
S-004,1195578,1310,Tangier,10/21/2025 0:00,PRODUCTION,0,25787,Production
S-006,1195578,1310,Tangier,10/21/2025 0:00,PRODUCTION,0,84451,Production
S-006,1195578,1310,Tangier,10/21/2025 0:00,Réparation Peripheri,1261,0,Non-Production
S-001,1195578,1310,Tangier,10/22/2025 0:00,micro arrêts,1402,0,Production
S-001,1195578,1310,Tangier,10/22/2025 0:00,PRODUCTION,0,18927,Production
S-004,1195578,1310,Tangier,10/22/2025 0:00,micro arrêts,1511,0,Production
S-004,1195578,1310,Tangier,10/22/2025 0:00,PRODUCTION,0,45425,Production
S-006,1195578,1310,Tangier,10/22/2025 0:00,PRODUCTION,0,58741,Production
S-004,1195578,1310,Tangier,10/23/2025 0:00,micro arrêts,348,0,Production
S-004,1195578,1310,Tangier,10/23/2025 0:00,PRODUCTION,0,10034,Production
S-006,1195578,1310,Tangier,10/23/2025 0:00,PRODUCTION,0,31306,Production
S-004,1195578,1310,Tangier,10/24/2025 0:00,micro arrêts,17,0,Production
S-004,1195578,1310,Tangier,10/24/2025 0:00,PRODUCTION,0,45,Production
S-006,1195578,1310,Tangier,10/24/2025 0:00,PRODUCTION,0,79843,Production
S-006,1195578,1310,Tangier,10/25/2025 0:00,PRODUCTION,0,57528,Production
S-006,1195578,1310,Tangier,10/26/2025 0:00,PRODUCTION,0,3493,Production
S-004,1195578,1310,Tangier,10/27/2025 0:00,micro arrêts,277,0,Production
S-004,1195578,1310,Tangier,10/27/2025 0:00,PRODUCTION,0,127,Production
S-006,1195578,1310,Tangier,10/27/2025 0:00,PRODUCTION,0,72364,Production
S-006,1195578,1310,Tangier,10/28/2025 0:00,PRODUCTION,0,59242,Production
S-006,1195578,1310,Tangier,10/29/2025 0:00,PRODUCTION,0,75636,Production
S-004,1195578,1310,Tangier,10/30/2025 0:00,PRODUCTION,0,59,Production
S-006,1195578,1310,Tangier,10/30/2025 0:00,PRODUCTION,0,86400,Production
S-004,1195578,1310,Tangier,10/31/2025 0:00,PRODUCTION,0,15,Production
S-006,1195578,1310,Tangier,10/31/2025 0:00,PRODUCTION,0,83040,Production
S-006,1195578,1310,Tangier,11/1/2025 0:00,PRODUCTION,0,55606,Production
S-003,1195578,1310,Tangier,11/2/2025 0:00,micro arrêts,62,0,Production
S-003,1195578,1310,Tangier,11/2/2025 0:00,PRODUCTION,0,35,Production
S-006,1195578,1310,Tangier,11/2/2025 0:00,PRODUCTION,0,14121,Production
S-006,1195578,1310,Tangier,11/2/2025 0:00,Réparation Peripheri,8357,0,Non-Production
S-001,1195578,1310,Tangier,11/3/2025 0:00,micro arrêts,20,0,Production
S-001,1195578,1310,Tangier,11/3/2025 0:00,PRODUCTION,0,30,Production
S-003,1195578,1310,Tangier,11/3/2025 0:00,micro arrêts,800,0,Production
S-003,1195578,1310,Tangier,11/3/2025 0:00,PRODUCTION,0,55673,Production
S-004,1195578,1310,Tangier,11/3/2025 0:00,PRODUCTION,0,86,Production
S-005,1195578,1310,Tangier,11/3/2025 0:00,Réparation Peripheri,2122,0,Non-Production
S-006,1195578,1310,Tangier,11/3/2025 0:00,PRODUCTION,0,75206,Production
S-006,1195578,1310,Tangier,11/3/2025 0:00,Réparation Peripheri,597,0,Non-Production
S-003,1195578,1310,Tangier,11/4/2025 0:00,micro arrêts,1890,0,Production
S-003,1195578,1310,Tangier,11/4/2025 0:00,PRODUCTION,0,48903,Production
S-003,1195578,1310,Tangier,11/4/2025 0:00,Réparation Peripheri,478,0,Non-Production
S-004,1195578,1310,Tangier,11/4/2025 0:00,micro arrêts,25,0,Production
S-004,1195578,1310,Tangier,11/4/2025 0:00,PRODUCTION,0,498,Production
S-005,1195578,1310,Tangier,11/4/2025 0:00,micro arrêts,3037,0,Production
S-005,1195578,1310,Tangier,11/4/2025 0:00,PRODUCTION,0,21783,Production
S-006,1195578,1310,Tangier,11/4/2025 0:00,PRODUCTION,0,82498,Production
S-006,1195578,1310,Tangier,11/4/2025 0:00,Réparation Peripheri,286,0,Non-Production
S-003,1195578,1310,Tangier,11/5/2025 0:00,micro arrêts,1856,0,Production
S-003,1195578,1310,Tangier,11/5/2025 0:00,PRODUCTION,0,52902,Production
S-004,1195578,1310,Tangier,11/5/2025 0:00,micro arrêts,56,0,Production
S-004,1195578,1310,Tangier,11/5/2025 0:00,PRODUCTION,0,134,Production
S-005,1195578,1310,Tangier,11/5/2025 0:00,micro arrêts,948,0,Production
S-005,1195578,1310,Tangier,11/5/2025 0:00,PRODUCTION,0,26681,Production
S-006,1195578,1310,Tangier,11/5/2025 0:00,PRODUCTION,0,83074,Production
S-006,1195578,1310,Tangier,11/5/2025 0:00,Réparation Peripheri,82,0,Non-Production
S-003,1195578,1310,Tangier,11/6/2025 0:00,micro arrêts,1299,0,Production
S-003,1195578,1310,Tangier,11/6/2025 0:00,PRODUCTION,0,56154,Production
S-005,1195578,1310,Tangier,11/6/2025 0:00,micro arrêts,296,0,Production
S-005,1195578,1310,Tangier,11/6/2025 0:00,PRODUCTION,0,26968,Production
S-006,1195578,1310,Tangier,11/6/2025 0:00,PRODUCTION,0,80660,Production
S-001,1195578,1310,Tangier,11/7/2025 0:00,PRODUCTION,0,15,Production
S-003,1195578,1310,Tangier,11/7/2025 0:00,micro arrêts,1406,0,Production
S-003,1195578,1310,Tangier,11/7/2025 0:00,PRODUCTION,0,54996,Production
S-004,1195578,1310,Tangier,11/7/2025 0:00,PRODUCTION,0,15,Production
S-005,1195578,1310,Tangier,11/7/2025 0:00,micro arrêts,947,0,Production
S-005,1195578,1310,Tangier,11/7/2025 0:00,PRODUCTION,0,23805,Production
S-006,1195578,1310,Tangier,11/7/2025 0:00,PRODUCTION,0,50677,Production
S-001,1195578,1310,Tangier,11/9/2025 0:00,micro arrêts,250,0,Production
S-001,1195578,1310,Tangier,11/9/2025 0:00,PRODUCTION,0,60,Production
S-006,1195578,1310,Tangier,11/9/2025 0:00,PRODUCTION,0,24041,Production
S-006,1195578,1310,Tangier,11/9/2025 0:00,Réparation Peripheri,2652,0,Non-Production
S-003,1195578,1310,Tangier,11/10/2025 0:00,micro arrêts,460,0,Production
S-003,1195578,1310,Tangier,11/10/2025 0:00,PRODUCTION,0,27552,Production
S-004,1195578,1310,Tangier,11/10/2025 0:00,micro arrêts,35,0,Production
S-004,1195578,1310,Tangier,11/10/2025 0:00,PRODUCTION,0,55,Production
S-005,1195578,1310,Tangier,11/10/2025 0:00,micro arrêts,1030,0,Production
S-005,1195578,1310,Tangier,11/10/2025 0:00,PRODUCTION,0,28073,Production
S-006,1195578,1310,Tangier,11/10/2025 0:00,PRODUCTION,0,75242,Production
S-003,1195578,1310,Tangier,11/11/2025 0:00,micro arrêts,450,0,Production
S-003,1195578,1310,Tangier,11/11/2025 0:00,PRODUCTION,0,27536,Production
S-004,1195578,1310,Tangier,11/11/2025 0:00,PRODUCTION,0,30,Production
S-005,1195578,1310,Tangier,11/11/2025 0:00,micro arrêts,783,0,Production
S-005,1195578,1310,Tangier,11/11/2025 0:00,PRODUCTION,0,26319,Production
S-006,1195578,1310,Tangier,11/11/2025 0:00,PRODUCTION,0,83898,Production
S-006,1195578,1310,Tangier,11/11/2025 0:00,Réparation Peripheri,1053,0,Non-Production
S-003,1195578,1310,Tangier,11/12/2025 0:00,micro arrêts,504,0,Production
S-003,1195578,1310,Tangier,11/12/2025 0:00,PRODUCTION,0,28276,Production
S-005,1195578,1310,Tangier,11/12/2025 0:00,micro arrêts,809,0,Production
S-005,1195578,1310,Tangier,11/12/2025 0:00,PRODUCTION,0,27005,Production
S-006,1195578,1310,Tangier,11/12/2025 0:00,PRODUCTION,0,82423,Production
S-006,1195578,1310,Tangier,11/12/2025 0:00,Réparation Peripheri,856,0,Non-Production
S-001,1195578,1310,Tangier,11/13/2025 0:00,PRODUCTION,0,15,Production
S-003,1195578,1310,Tangier,11/13/2025 0:00,micro arrêts,380,0,Production
S-003,1195578,1310,Tangier,11/13/2025 0:00,PRODUCTION,0,28407,Production
S-005,1195578,1310,Tangier,11/13/2025 0:00,micro arrêts,982,0,Production
S-005,1195578,1310,Tangier,11/13/2025 0:00,PRODUCTION,0,26678,Production
S-006,1195578,1310,Tangier,11/13/2025 0:00,PRODUCTION,0,84720,Production
S-006,1195578,1310,Tangier,11/13/2025 0:00,Réparation Peripheri,285,0,Non-Production
S-003,1195578,1310,Tangier,11/14/2025 0:00,micro arrêts,1058,0,Production
S-003,1195578,1310,Tangier,11/14/2025 0:00,PRODUCTION,0,25904,Production
S-005,1195578,1310,Tangier,11/14/2025 0:00,micro arrêts,596,0,Production
S-005,1195578,1310,Tangier,11/14/2025 0:00,PRODUCTION,0,27573,Production
S-005,1195578,1310,Tangier,11/14/2025 0:00,Réparation Peripheri,581,0,Non-Production
S-006,1195578,1310,Tangier,11/14/2025 0:00,PRODUCTION,0,42982,Production
S-006,1195578,1310,Tangier,11/14/2025 0:00,Réparation Peripheri,371,0,Non-Production
S-006,1195578,1310,Tangier,11/16/2025 0:00,PRODUCTION,0,26535,Production
S-003,1195578,1310,Tangier,11/17/2025 0:00,micro arrêts,266,0,Production
S-003,1195578,1310,Tangier,11/17/2025 0:00,PRODUCTION,0,28549,Production
S-005,1195578,1310,Tangier,11/17/2025 0:00,micro arrêts,523,0,Production
S-005,1195578,1310,Tangier,11/17/2025 0:00,PRODUCTION,0,26038,Production
S-005,1195578,1310,Tangier,11/17/2025 0:00,Réparation Peripheri,22,0,Non-Production
S-006,1195578,1310,Tangier,11/17/2025 0:00,PRODUCTION,0,85482,Production
S-003,1195578,1310,Tangier,11/18/2025 0:00,micro arrêts,420,0,Production
S-003,1195578,1310,Tangier,11/18/2025 0:00,PRODUCTION,0,28286,Production
S-005,1195578,1310,Tangier,11/18/2025 0:00,micro arrêts,454,0,Production
S-005,1195578,1310,Tangier,11/18/2025 0:00,PRODUCTION,0,26294,Production
S-006,1195578,1310,Tangier,11/18/2025 0:00,PRODUCTION,0,80591,Production
S-003,1195578,1310,Tangier,11/19/2025 0:00,micro arrêts,267,0,Production
S-003,1195578,1310,Tangier,11/19/2025 0:00,PRODUCTION,0,28466,Production
S-005,1195578,1310,Tangier,11/19/2025 0:00,micro arrêts,533,0,Production
S-005,1195578,1310,Tangier,11/19/2025 0:00,PRODUCTION,0,27758,Production
S-006,1195578,1310,Tangier,11/19/2025 0:00,PRODUCTION,0,79691,Production
S-006,1195578,1310,Tangier,11/19/2025 0:00,Réparation Peripheri,247,0,Non-Production
S-003,1195578,1310,Tangier,11/20/2025 0:00,micro arrêts,344,0,Production
S-003,1195578,1310,Tangier,11/20/2025 0:00,PRODUCTION,0,28321,Production
S-005,1195578,1310,Tangier,11/20/2025 0:00,micro arrêts,797,0,Production
S-005,1195578,1310,Tangier,11/20/2025 0:00,PRODUCTION,0,26348,Production
S-006,1195578,1310,Tangier,11/20/2025 0:00,PRODUCTION,0,73825,Production
S-003,1195578,1310,Tangier,11/21/2025 0:00,micro arrêts,342,0,Production
S-003,1195578,1310,Tangier,11/21/2025 0:00,PRODUCTION,0,26393,Production
S-005,1195578,1310,Tangier,11/21/2025 0:00,micro arrêts,804,0,Production
S-005,1195578,1310,Tangier,11/21/2025 0:00,PRODUCTION,0,27982,Production
S-006,1195578,1310,Tangier,11/21/2025 0:00,PRODUCTION,0,50638,Production
S-006,1195578,1310,Tangier,11/21/2025 0:00,Réparation Peripheri,132,0,Non-Production
S-006,1195578,1310,Tangier,11/23/2025 0:00,PRODUCTION,0,26882,Production
S-003,1195578,1310,Tangier,11/24/2025 0:00,micro arrêts,265,0,Production
S-003,1195578,1310,Tangier,11/24/2025 0:00,PRODUCTION,0,28263,Production
S-005,1195578,1310,Tangier,11/24/2025 0:00,micro arrêts,536,0,Production
S-005,1195578,1310,Tangier,11/24/2025 0:00,PRODUCTION,0,25226,Production
S-006,1195578,1310,Tangier,11/24/2025 0:00,PRODUCTION,0,69621,Production
S-006,1195578,1310,Tangier,11/24/2025 0:00,Réparation Peripheri,3053,0,Non-Production
S-003,1195578,1310,Tangier,11/25/2025 0:00,micro arrêts,261,0,Production
S-003,1195578,1310,Tangier,11/25/2025 0:00,PRODUCTION,0,28557,Production
S-004,1195578,1310,Tangier,11/25/2025 0:00,micro arrêts,19,0,Production
S-004,1195578,1310,Tangier,11/25/2025 0:00,PRODUCTION,0,30,Production
S-005,1195578,1310,Tangier,11/25/2025 0:00,micro arrêts,830,0,Production
S-005,1195578,1310,Tangier,11/25/2025 0:00,PRODUCTION,0,25789,Production
S-006,1195578,1310,Tangier,11/25/2025 0:00,PRODUCTION,0,70106,Production
S-006,1195578,1310,Tangier,11/25/2025 0:00,Réparation Peripheri,87,0,Non-Production
S-003,1195578,1310,Tangier,11/26/2025 0:00,micro arrêts,696,0,Production
S-003,1195578,1310,Tangier,11/26/2025 0:00,PRODUCTION,0,56779,Production
S-005,1195578,1310,Tangier,11/26/2025 0:00,micro arrêts,308,0,Production
S-005,1195578,1310,Tangier,11/26/2025 0:00,PRODUCTION,0,28066,Production
S-006,1195578,1310,Tangier,11/26/2025 0:00,PRODUCTION,0,64230,Production
S-006,1195578,1310,Tangier,11/26/2025 0:00,Réparation Peripheri,1889,0,Non-Production
S-001,1195578,1310,Tangier,11/27/2025 0:00,PRODUCTION,0,24,Production
S-003,1195578,1310,Tangier,11/27/2025 0:00,micro arrêts,215,0,Production
S-003,1195578,1310,Tangier,11/27/2025 0:00,PRODUCTION,0,27503,Production
S-004,1195578,1310,Tangier,11/27/2025 0:00,micro arrêts,259,0,Production
S-004,1195578,1310,Tangier,11/27/2025 0:00,PRODUCTION,0,166,Production
S-005,1195578,1310,Tangier,11/27/2025 0:00,micro arrêts,1432,0,Production
S-005,1195578,1310,Tangier,11/27/2025 0:00,PRODUCTION,0,26934,Production
S-006,1195578,1310,Tangier,11/27/2025 0:00,PRODUCTION,0,75286,Production
S-006,1195578,1310,Tangier,11/27/2025 0:00,Réparation Peripheri,6973,0,Non-Production
S-001,1195578,1310,Tangier,11/28/2025 0:00,PRODUCTION,0,15,Production
S-003,1195578,1310,Tangier,11/28/2025 0:00,micro arrêts,599,0,Production
S-003,1195578,1310,Tangier,11/28/2025 0:00,PRODUCTION,0,28212,Production
S-005,1195578,1310,Tangier,11/28/2025 0:00,micro arrêts,1487,0,Production
S-005,1195578,1310,Tangier,11/28/2025 0:00,PRODUCTION,0,25253,Production
S-005,1195578,1310,Tangier,11/28/2025 0:00,Réparation Peripheri,1041,0,Non-Production
S-006,1195578,1310,Tangier,11/28/2025 0:00,PRODUCTION,0,79432,Production
S-001,1195578,1310,Tangier,11/29/2025 0:00,PRODUCTION,0,8,Production
S-003,1195578,1310,Tangier,11/29/2025 0:00,micro arrêts,645,0,Production
S-003,1195578,1310,Tangier,11/29/2025 0:00,PRODUCTION,0,55051,Production
S-004,1195578,1310,Tangier,11/29/2025 0:00,micro arrêts,34,0,Production
S-004,1195578,1310,Tangier,11/29/2025 0:00,PRODUCTION,0,41,Production
S-006,1195578,1310,Tangier,11/29/2025 0:00,PRODUCTION,0,55916,Production
S-004,1195578,1310,Tangier,11/30/2025 0:00,PRODUCTION,0,15,Production
S-006,1195578,1310,Tangier,11/30/2025 0:00,PRODUCTION,0,25558,Production
S-003,1195578,1310,Tangier,12/1/2025 0:00,micro arrêts,480,0,Production
S-003,1195578,1310,Tangier,12/1/2025 0:00,PRODUCTION,0,27621,Production
S-004,1195578,1310,Tangier,12/1/2025 0:00,micro arrêts,689,0,Production
S-004,1195578,1310,Tangier,12/1/2025 0:00,PRODUCTION,0,445,Production
S-005,1195578,1310,Tangier,12/1/2025 0:00,Main. att repar elec,0,0,Non-Production
S-005,1195578,1310,Tangier,12/1/2025 0:00,micro arrêts,3440,0,Production
S-005,1195578,1310,Tangier,12/1/2025 0:00,PRODUCTION,0,32713,Production
S-005,1195578,1310,Tangier,12/1/2025 0:00,Réparation Peripheri,6761,0,Non-Production
S-006,1195578,1310,Tangier,12/1/2025 0:00,PRODUCTION,0,80662,Production
S-001,1195578,1310,Tangier,12/2/2025 0:00,micro arrêts,47,0,Production
S-001,1195578,1310,Tangier,12/2/2025 0:00,PRODUCTION,0,154,Production
S-003,1195578,1310,Tangier,12/2/2025 0:00,micro arrêts,552,0,Production
S-003,1195578,1310,Tangier,12/2/2025 0:00,PRODUCTION,0,27678,Production
S-004,1195578,1310,Tangier,12/2/2025 0:00,micro arrêts,740,0,Production
S-004,1195578,1310,Tangier,12/2/2025 0:00,PRODUCTION,0,324,Production
S-005,1195578,1310,Tangier,12/2/2025 0:00,micro arrêts,1689,0,Production
S-005,1195578,1310,Tangier,12/2/2025 0:00,PRODUCTION,0,23971,Production
S-006,1195578,1310,Tangier,12/2/2025 0:00,PRODUCTION,0,84629,Production
S-001,1195578,1310,Tangier,12/3/2025 0:00,PRODUCTION,0,30,Production
S-003,1195578,1310,Tangier,12/3/2025 0:00,micro arrêts,66,0,Production
S-003,1195578,1310,Tangier,12/3/2025 0:00,PRODUCTION,0,28737,Production
S-004,1195578,1310,Tangier,12/3/2025 0:00,micro arrêts,190,0,Production
S-004,1195578,1310,Tangier,12/3/2025 0:00,PRODUCTION,0,38,Production
S-005,1195578,1310,Tangier,12/3/2025 0:00,micro arrêts,2136,0,Production
S-005,1195578,1310,Tangier,12/3/2025 0:00,PRODUCTION,0,18841,Production
S-005,1195578,1310,Tangier,12/3/2025 0:00,Réparation Peripheri,5202,0,Non-Production
S-006,1195578,1310,Tangier,12/3/2025 0:00,PRODUCTION,0,82099,Production
S-001,1195578,1310,Tangier,12/4/2025 0:00,micro arrêts,26,0,Production
S-001,1195578,1310,Tangier,12/4/2025 0:00,PRODUCTION,0,40,Production
S-003,1195578,1310,Tangier,12/4/2025 0:00,micro arrêts,249,0,Production
S-003,1195578,1310,Tangier,12/4/2025 0:00,PRODUCTION,0,28603,Production
S-004,1195578,1310,Tangier,12/4/2025 0:00,micro arrêts,141,0,Production
S-004,1195578,1310,Tangier,12/4/2025 0:00,PRODUCTION,0,50,Production
S-005,1195578,1310,Tangier,12/4/2025 0:00,micro arrêts,829,0,Production
S-005,1195578,1310,Tangier,12/4/2025 0:00,PRODUCTION,0,23364,Production
S-006,1195578,1310,Tangier,12/4/2025 0:00,PRODUCTION,0,75614,Production
S-006,1195578,1310,Tangier,12/4/2025 0:00,Réparation Peripheri,671,0,Non-Production
S-001,1195578,1310,Tangier,12/5/2025 0:00,PRODUCTION,0,15,Production
S-003,1195578,1310,Tangier,12/5/2025 0:00,micro arrêts,117,0,Production
S-003,1195578,1310,Tangier,12/5/2025 0:00,PRODUCTION,0,28755,Production
S-005,1195578,1310,Tangier,12/5/2025 0:00,micro arrêts,1367,0,Production
S-005,1195578,1310,Tangier,12/5/2025 0:00,PRODUCTION,0,18082,Production
S-005,1195578,1310,Tangier,12/5/2025 0:00,Réparation Peripheri,7043,0,Non-Production
S-006,1195578,1310,Tangier,12/5/2025 0:00,PRODUCTION,0,41071,Production
S-006,1195578,1310,Tangier,12/5/2025 0:00,Réparation Peripheri,381,0,Non-Production
S-003,1195578,1310,Tangier,12/6/2025 0:00,micro arrêts,394,0,Production
S-003,1195578,1310,Tangier,12/6/2025 0:00,PRODUCTION,0,56947,Production
S-005,1195578,1310,Tangier,12/6/2025 0:00,micro arrêts,1529,0,Production
S-005,1195578,1310,Tangier,12/6/2025 0:00,PRODUCTION,0,19654,Production
S-006,1195578,1310,Tangier,12/6/2025 0:00,PRODUCTION,0,2262,Production
S-003,1195578,1310,Tangier,12/7/2025 0:00,PRODUCTION,0,30,Production
S-006,1195578,1310,Tangier,12/7/2025 0:00,PRODUCTION,0,21465,Production
S-006,1195578,1310,Tangier,12/7/2025 0:00,Réparation Peripheri,838,0,Non-Production
S-003,1195578,1310,Tangier,12/8/2025 0:00,micro arrêts,339,0,Production
S-003,1195578,1310,Tangier,12/8/2025 0:00,PRODUCTION,0,27246,Production
S-005,1195578,1310,Tangier,12/8/2025 0:00,micro arrêts,1479,0,Production
S-005,1195578,1310,Tangier,12/8/2025 0:00,Panne Machine,802,0,Non-Production
S-005,1195578,1310,Tangier,12/8/2025 0:00,PRODUCTION,0,22720,Production
S-005,1195578,1310,Tangier,12/8/2025 0:00,Réparation Peripheri,1879,0,Non-Production
S-006,1195578,1310,Tangier,12/8/2025 0:00,PRODUCTION,0,65888,Production
S-006,1195578,1310,Tangier,12/8/2025 0:00,Réparation Peripheri,1717,0,Non-Production
S-003,1195578,1310,Tangier,12/9/2025 0:00,micro arrêts,305,0,Production
S-003,1195578,1310,Tangier,12/9/2025 0:00,PRODUCTION,0,28386,Production
S-004,1195578,1310,Tangier,12/9/2025 0:00,micro arrêts,13,0,Production
S-004,1195578,1310,Tangier,12/9/2025 0:00,PRODUCTION,0,36,Production
S-005,1195578,1310,Tangier,12/9/2025 0:00,micro arrêts,1691,0,Production
S-005,1195578,1310,Tangier,12/9/2025 0:00,PRODUCTION,0,27753,Production
S-005,1195578,1310,Tangier,12/9/2025 0:00,Réparation Peripheri,156,0,Non-Production
S-006,1195578,1310,Tangier,12/9/2025 0:00,PRODUCTION,0,73155,Production
S-006,1195578,1310,Tangier,12/9/2025 0:00,Réparation Peripheri,612,0,Non-Production
S-003,1195578,1310,Tangier,12/10/2025 0:00,micro arrêts,1123,0,Production
S-003,1195578,1310,Tangier,12/10/2025 0:00,PRODUCTION,0,56466,Production
S-004,1195578,1310,Tangier,12/10/2025 0:00,PRODUCTION,0,37,Production
S-005,1195578,1310,Tangier,12/10/2025 0:00,micro arrêts,1266,0,Production
S-005,1195578,1310,Tangier,12/10/2025 0:00,PRODUCTION,0,24051,Production
S-005,1195578,1310,Tangier,12/10/2025 0:00,Réparation Peripheri,67,0,Non-Production
S-006,1195578,1310,Tangier,12/10/2025 0:00,PRODUCTION,0,16036,Production
S-003,1195578,1310,Tangier,12/11/2025 0:00,micro arrêts,843,0,Production
S-003,1195578,1310,Tangier,12/11/2025 0:00,PRODUCTION,0,56611,Production
S-004,1195578,1310,Tangier,12/11/2025 0:00,PRODUCTION,0,15,Production
S-005,1195578,1310,Tangier,12/11/2025 0:00,micro arrêts,1243,0,Production
S-005,1195578,1310,Tangier,12/11/2025 0:00,PRODUCTION,0,18513,Production
S-006,1195578,1310,Tangier,12/11/2025 0:00,PRODUCTION,0,80742,Production
S-006,1195578,1310,Tangier,12/11/2025 0:00,Réparation Peripheri,833,0,Non-Production
S-003,1195578,1310,Tangier,12/12/2025 0:00,micro arrêts,1289,0,Production
S-003,1195578,1310,Tangier,12/12/2025 0:00,PRODUCTION,0,55920,Production
S-006,1195578,1310,Tangier,12/12/2025 0:00,PRODUCTION,0,83765,Production
S-001,1195578,1310,Tangier,12/13/2025 0:00,PRODUCTION,0,15,Production
S-003,1195578,1310,Tangier,12/13/2025 0:00,micro arrêts,1082,0,Production
S-003,1195578,1310,Tangier,12/13/2025 0:00,PRODUCTION,0,37421,Production
S-004,1195578,1310,Tangier,12/13/2025 0:00,micro arrêts,68,0,Production
S-004,1195578,1310,Tangier,12/13/2025 0:00,PRODUCTION,0,154,Production
S-006,1195578,1310,Tangier,12/13/2025 0:00,PRODUCTION,0,55626,Production
S-003,1195578,1310,Tangier,12/14/2025 0:00,micro arrêts,54,0,Production
S-003,1195578,1310,Tangier,12/14/2025 0:00,PRODUCTION,0,149,Production
S-006,1195578,1310,Tangier,12/14/2025 0:00,PRODUCTION,0,12613,Production
S-006,1195578,1310,Tangier,12/14/2025 0:00,Réparation Peripheri,6872,0,Non-Production
S-001,1195578,1310,Tangier,12/15/2025 0:00,micro arrêts,127,0,Production
S-001,1195578,1310,Tangier,12/15/2025 0:00,Panne Machine,22567,0,Non-Production
S-001,1195578,1310,Tangier,12/15/2025 0:00,PRODUCTION,0,199,Production
S-001,1195578,1310,Tangier,12/15/2025 0:00,Réparation Peripheri,585,0,Non-Production
S-003,1195578,1310,Tangier,12/15/2025 0:00,micro arrêts,602,0,Production
S-003,1195578,1310,Tangier,12/15/2025 0:00,PRODUCTION,0,56314,Production
S-004,1195578,1310,Tangier,12/15/2025 0:00,micro arrêts,217,0,Production
S-004,1195578,1310,Tangier,12/15/2025 0:00,PRODUCTION,0,129,Production
S-006,1195578,1310,Tangier,12/15/2025 0:00,micro arrêts,589,0,Production
S-006,1195578,1310,Tangier,12/15/2025 0:00,PRODUCTION,0,71663,Production
S-006,1195578,1310,Tangier,12/15/2025 0:00,Réparation Peripheri,5906,0,Non-Production
S-003,1195578,1310,Tangier,12/16/2025 0:00,micro arrêts,970,0,Production
S-003,1195578,1310,Tangier,12/16/2025 0:00,PRODUCTION,0,56573,Production
S-006,1195578,1310,Tangier,12/16/2025 0:00,micro arrêts,3714,0,Production
S-006,1195578,1310,Tangier,12/16/2025 0:00,PRODUCTION,0,66884,Production
S-006,1195578,1310,Tangier,12/16/2025 0:00,Réparation Peripheri,3082,0,Non-Production
S-001,1195578,1310,Tangier,12/17/2025 0:00,PRODUCTION,0,34,Production
S-003,1195578,1310,Tangier,12/17/2025 0:00,micro arrêts,1199,0,Production
S-003,1195578,1310,Tangier,12/17/2025 0:00,PRODUCTION,0,54864,Production
S-004,1195578,1310,Tangier,12/17/2025 0:00,micro arrêts,139,0,Production
S-004,1195578,1310,Tangier,12/17/2025 0:00,PRODUCTION,0,159,Production
S-006,1195578,1310,Tangier,12/17/2025 0:00,micro arrêts,1733,0,Production
S-006,1195578,1310,Tangier,12/17/2025 0:00,PRODUCTION,0,72074,Production
S-006,1195578,1310,Tangier,12/17/2025 0:00,Réparation Peripheri,2196,0,Non-Production
S-001,1195578,1310,Tangier,12/18/2025 0:00,PRODUCTION,0,53,Production
S-003,1195578,1310,Tangier,12/18/2025 0:00,micro arrêts,402,0,Production
S-003,1195578,1310,Tangier,12/18/2025 0:00,PRODUCTION,0,53884,Production
S-004,1195578,1310,Tangier,12/18/2025 0:00,PRODUCTION,0,17,Production
S-006,1195578,1310,Tangier,12/18/2025 0:00,micro arrêts,3614,0,Production
S-006,1195578,1310,Tangier,12/18/2025 0:00,PRODUCTION,0,76884,Production
S-001,1195578,1310,Tangier,12/19/2025 0:00,PRODUCTION,0,15,Production
S-003,1195578,1310,Tangier,12/19/2025 0:00,micro arrêts,871,0,Production
S-003,1195578,1310,Tangier,12/19/2025 0:00,PRODUCTION,0,56330,Production
S-004,1195578,1310,Tangier,12/19/2025 0:00,PRODUCTION,0,30,Production
S-006,1195578,1310,Tangier,12/19/2025 0:00,micro arrêts,1358,0,Production
S-006,1195578,1310,Tangier,12/19/2025 0:00,PRODUCTION,0,9917,Production
S-006,1195578,1310,Tangier,12/19/2025 0:00,Réparation Peripheri,403,0,Non-Production
S-001,1195578,1310,Tangier,12/22/2025 0:00,PRODUCTION,0,16,Production
S-003,1195578,1310,Tangier,12/22/2025 0:00,micro arrêts,158,0,Production
S-003,1195578,1310,Tangier,12/22/2025 0:00,PRODUCTION,0,28576,Production
S-006,1195578,1310,Tangier,12/22/2025 0:00,micro arrêts,1104,0,Production
S-006,1195578,1310,Tangier,12/22/2025 0:00,PRODUCTION,0,9411,Production
S-006,1195578,1310,Tangier,12/22/2025 0:00,Réparation Peripheri,415,0,Non-Production
S-001,1195578,1310,Tangier,12/23/2025 0:00,PRODUCTION,0,15,Production
S-003,1195578,1310,Tangier,12/23/2025 0:00,micro arrêts,619,0,Production
S-003,1195578,1310,Tangier,12/23/2025 0:00,PRODUCTION,0,55431,Production
S-005,1195578,1310,Tangier,12/23/2025 0:00,Réparation Peripheri,6778,0,Non-Production
S-006,1195578,1310,Tangier,12/23/2025 0:00,micro arrêts,1413,0,Production
S-006,1195578,1310,Tangier,12/23/2025 0:00,PRODUCTION,0,20420,Production
S-001,1195578,1310,Tangier,12/24/2025 0:00,PRODUCTION,0,15,Production
S-003,1195578,1310,Tangier,12/24/2025 0:00,micro arrêts,1742,0,Production
S-003,1195578,1310,Tangier,12/24/2025 0:00,PRODUCTION,0,55014,Production
S-005,1195578,1310,Tangier,12/24/2025 0:00,micro arrêts,679,0,Production
S-005,1195578,1310,Tangier,12/24/2025 0:00,PRODUCTION,0,7084,Production
S-006,1195578,1310,Tangier,12/24/2025 0:00,micro arrêts,1014,0,Production
S-006,1195578,1310,Tangier,12/24/2025 0:00,PRODUCTION,0,22248,Production
S-006,1195578,1310,Tangier,12/24/2025 0:00,Réparation Peripheri,1473,0,Non-Production
S-005,1195578,1310,Tangier,12/25/2025 0:00,micro arrêts,2638,0,Production
S-005,1195578,1310,Tangier,12/25/2025 0:00,PRODUCTION,0,46417,Production
S-005,1195578,1310,Tangier,12/25/2025 0:00,Réparation Peripheri,2329,0,Non-Production
S-006,1195578,1310,Tangier,12/25/2025 0:00,micro arrêts,2270,0,Production
S-006,1195578,1310,Tangier,12/25/2025 0:00,PRODUCTION,0,49455,Production
S-006,1195578,1310,Tangier,12/25/2025 0:00,Réparation Peripheri,3462,0,Non-Production
S-001,1195578,1310,Tangier,12/26/2025 0:00,PRODUCTION,0,15,Production
S-003,1195578,1310,Tangier,12/26/2025 0:00,micro arrêts,411,0,Production
S-003,1195578,1310,Tangier,12/26/2025 0:00,PRODUCTION,0,28349,Production
S-004,1195578,1310,Tangier,12/26/2025 0:00,PRODUCTION,0,15,Production
S-005,1195578,1310,Tangier,12/26/2025 0:00,micro arrêts,618,0,Production
S-005,1195578,1310,Tangier,12/26/2025 0:00,PRODUCTION,0,19547,Production
S-005,1195578,1310,Tangier,12/26/2025 0:00,Réparation Peripheri,116,0,Non-Production
S-006,1195578,1310,Tangier,12/26/2025 0:00,micro arrêts,2466,0,Production
S-006,1195578,1310,Tangier,12/26/2025 0:00,PRODUCTION,0,24609,Production
S-006,1195578,1310,Tangier,12/26/2025 0:00,Réparation Peripheri,4611,0,Non-Production
S-003,1195578,1310,Tangier,12/27/2025 0:00,micro arrêts,322,0,Production
S-003,1195578,1310,Tangier,12/27/2025 0:00,PRODUCTION,0,21110,Production
S-003,1195578,1310,Tangier,12/27/2025 0:00,Réparation Peripheri,2030,0,Non-Production
S-005,1195578,1310,Tangier,12/27/2025 0:00,micro arrêts,707,0,Production
S-005,1195578,1310,Tangier,12/27/2025 0:00,PRODUCTION,0,26541,Production
S-006,1195578,1310,Tangier,12/27/2025 0:00,Réparation Peripheri,94142,0,Non-Production
S-003,1195578,1310,Tangier,12/28/2025 0:00,micro arrêts,442,0,Production
S-003,1195578,1310,Tangier,12/28/2025 0:00,PRODUCTION,0,28072,Production
S-003,1195578,1310,Tangier,12/28/2025 0:00,Réparation Peripheri,276,0,Non-Production
S-006,1195578,1310,Tangier,12/28/2025 0:00,Réparation Peripheri,10654,0,Non-Production
S-003,1195578,1310,Tangier,12/29/2025 0:00,micro arrêts,382,0,Production
S-003,1195578,1310,Tangier,12/29/2025 0:00,PRODUCTION,0,19572,Production
S-005,1195578,1310,Tangier,12/29/2025 0:00,micro arrêts,2949,0,Production
S-005,1195578,1310,Tangier,12/29/2025 0:00,PRODUCTION,0,42582,Production
S-006,1195578,1310,Tangier,12/29/2025 0:00,micro arrêts,1447,0,Production
S-006,1195578,1310,Tangier,12/29/2025 0:00,PRODUCTION,0,42803,Production
S-006,1195578,1310,Tangier,12/29/2025 0:00,Réparation Peripheri,10536,0,Non-Production
S-001,1195578,1310,Tangier,12/30/2025 0:00,PRODUCTION,0,30,Production
S-005,1195578,1310,Tangier,12/30/2025 0:00,micro arrêts,490,0,Production
S-005,1195578,1310,Tangier,12/30/2025 0:00,PRODUCTION,0,14777,Production
S-006,1195578,1310,Tangier,12/30/2025 0:00,micro arrêts,3138,0,Production
S-006,1195578,1310,Tangier,12/30/2025 0:00,PRODUCTION,0,77126,Production
S-006,1195578,1310,Tangier,12/30/2025 0:00,Réparation Peripheri,2545,0,Non-Production
S-003,1195578,1310,Tangier,12/31/2025 0:00,micro arrêts,248,0,Production
S-003,1195578,1310,Tangier,12/31/2025 0:00,PRODUCTION,0,28542,Production
S-006,1195578,1310,Tangier,12/31/2025 0:00,micro arrêts,3384,0,Production
S-006,1195578,1310,Tangier,12/31/2025 0:00,PRODUCTION,0,79462,Production
S-006,1195578,1310,Tangier,12/31/2025 0:00,Réparation Peripheri,176,0,Non-Production
S-003,1195578,1310,Tangier,1/1/2026 0:00,micro arrêts,512,0,Production
S-003,1195578,1310,Tangier,1/1/2026 0:00,PRODUCTION,0,28269,Production
S-006,1195578,1310,Tangier,1/1/2026 0:00,micro arrêts,1773,0,Production
S-006,1195578,1310,Tangier,1/1/2026 0:00,PRODUCTION,0,68029,Production
S-003,1195578,1310,Tangier,1/2/2026 0:00,micro arrêts,116,0,Production
S-003,1195578,1310,Tangier,1/2/2026 0:00,PRODUCTION,0,8938,Production
S-006,1195578,1310,Tangier,1/2/2026 0:00,micro arrêts,4070,0,Production
S-006,1195578,1310,Tangier,1/2/2026 0:00,PRODUCTION,0,78543,Production
S-006,1195578,1310,Tangier,1/2/2026 0:00,Réparation Peripheri,1365,0,Non-Production
S-006,1195578,1310,Tangier,1/3/2026 0:00,micro arrêts,1200,0,Production
S-006,1195578,1310,Tangier,1/3/2026 0:00,PRODUCTION,0,41735,Production
S-006,1195578,1310,Tangier,1/4/2026 0:00,micro arrêts,625,0,Production
S-006,1195578,1310,Tangier,1/4/2026 0:00,PRODUCTION,0,25894,Production
S-001,1195578,1310,Tangier,1/5/2026 0:00,micro arrêts,5406,0,Production
S-001,1195578,1310,Tangier,1/5/2026 0:00,PRODUCTION,0,4324,Production
S-001,1195578,1310,Tangier,1/5/2026 0:00,Réparation Peripheri,18354,0,Non-Production
S-006,1195578,1310,Tangier,1/5/2026 0:00,micro arrêts,2249,0,Production
S-006,1195578,1310,Tangier,1/5/2026 0:00,PRODUCTION,0,56200,Production
S-001,1195578,1310,Tangier,1/6/2026 0:00,micro arrêts,6578,0,Production
S-001,1195578,1310,Tangier,1/6/2026 0:00,PRODUCTION,0,38857,Production
S-001,1195578,1310,Tangier,1/6/2026 0:00,Réparation Peripheri,24056,0,Non-Production
S-004,1195578,1310,Tangier,1/6/2026 0:00,PRODUCTION,0,61,Production
S-005,1195578,1310,Tangier,1/6/2026 0:00,micro arrêts,12,0,Production
S-005,1195578,1310,Tangier,1/6/2026 0:00,PRODUCTION,0,87,Production
S-006,1195578,1310,Tangier,1/6/2026 0:00,micro arrêts,4750,0,Production
S-006,1195578,1310,Tangier,1/6/2026 0:00,PRODUCTION,0,66118,Production
S-006,1195578,1310,Tangier,1/6/2026 0:00,Réparation Peripheri,657,0,Non-Production
S-001,1195578,1310,Tangier,1/7/2026 0:00,Main. att repar elec,0,0,Non-Production
S-001,1195578,1310,Tangier,1/7/2026 0:00,micro arrêts,3413,0,Production
S-001,1195578,1310,Tangier,1/7/2026 0:00,PRODUCTION,0,56740,Production
S-001,1195578,1310,Tangier,1/7/2026 0:00,Réparation Peripheri,9479,0,Non-Production
S-004,1195578,1310,Tangier,1/7/2026 0:00,micro arrêts,224,0,Production
S-004,1195578,1310,Tangier,1/7/2026 0:00,PRODUCTION,0,272,Production
S-004,1195578,1310,Tangier,1/7/2026 0:00,Réparation Peripheri,7543,0,Non-Production
S-005,1195578,1310,Tangier,1/7/2026 0:00,micro arrêts,4331,0,Production
S-005,1195578,1310,Tangier,1/7/2026 0:00,PRODUCTION,0,49716,Production
S-005,1195578,1310,Tangier,1/7/2026 0:00,Réparation Peripheri,2528,0,Non-Production
S-006,1195578,1310,Tangier,1/7/2026 0:00,micro arrêts,1452,0,Production
S-006,1195578,1310,Tangier,1/7/2026 0:00,PRODUCTION,0,81892,Production
S-006,1195578,1310,Tangier,1/7/2026 0:00,Réparation Peripheri,1400,0,Non-Production
S-001,1195578,1310,Tangier,1/8/2026 0:00,micro arrêts,7620,0,Production
S-001,1195578,1310,Tangier,1/8/2026 0:00,PRODUCTION,0,57534,Production
S-001,1195578,1310,Tangier,1/8/2026 0:00,Réparation Peripheri,7342,0,Non-Production
S-004,1195578,1310,Tangier,1/8/2026 0:00,micro arrêts,2303,0,Production
S-004,1195578,1310,Tangier,1/8/2026 0:00,PRODUCTION,0,20941,Production
S-004,1195578,1310,Tangier,1/8/2026 0:00,Réparation Peripheri,745,0,Non-Production
S-005,1195578,1310,Tangier,1/8/2026 0:00,micro arrêts,2255,0,Production
S-005,1195578,1310,Tangier,1/8/2026 0:00,PRODUCTION,0,20198,Production
S-005,1195578,1310,Tangier,1/8/2026 0:00,Réparation Peripheri,2260,0,Non-Production
S-006,1195578,1310,Tangier,1/8/2026 0:00,micro arrêts,2007,0,Production
S-006,1195578,1310,Tangier,1/8/2026 0:00,PRODUCTION,0,62974,Production
S-006,1195578,1310,Tangier,1/8/2026 0:00,Réparation Peripheri,8180,0,Non-Production
S-001,1195578,1310,Tangier,1/9/2026 0:00,micro arrêts,5252,0,Production
S-001,1195578,1310,Tangier,1/9/2026 0:00,PRODUCTION,0,39579,Production
S-001,1195578,1310,Tangier,1/9/2026 0:00,Réparation Peripheri,1769,0,Non-Production
S-005,1195578,1310,Tangier,1/9/2026 0:00,micro arrêts,975,0,Production
S-005,1195578,1310,Tangier,1/9/2026 0:00,PRODUCTION,0,25165,Production
S-005,1195578,1310,Tangier,1/9/2026 0:00,Réparation Peripheri,234,0,Non-Production
S-006,1195578,1310,Tangier,1/9/2026 0:00,micro arrêts,1361,0,Production
S-006,1195578,1310,Tangier,1/9/2026 0:00,PRODUCTION,0,83702,Production
S-006,1195578,1310,Tangier,1/9/2026 0:00,Réparation Peripheri,551,0,Non-Production
S-001,1195578,1310,Tangier,1/10/2026 0:00,micro arrêts,4175,0,Production
S-001,1195578,1310,Tangier,1/10/2026 0:00,Panne Machine,4635,0,Non-Production
S-001,1195578,1310,Tangier,1/10/2026 0:00,PRODUCTION,0,22089,Production
S-001,1195578,1310,Tangier,1/10/2026 0:00,Réparation Peripheri,7615,0,Non-Production
S-004,1195578,1310,Tangier,1/10/2026 0:00,micro arrêts,5261,0,Production
S-004,1195578,1310,Tangier,1/10/2026 0:00,PRODUCTION,0,22749,Production
S-004,1195578,1310,Tangier,1/10/2026 0:00,Réparation Peripheri,887,0,Non-Production
S-005,1195578,1310,Tangier,1/10/2026 0:00,micro arrêts,1074,0,Production
S-005,1195578,1310,Tangier,1/10/2026 0:00,PRODUCTION,0,25962,Production
S-006,1195578,1310,Tangier,1/10/2026 0:00,micro arrêts,832,0,Production
S-006,1195578,1310,Tangier,1/10/2026 0:00,PRODUCTION,0,37645,Production
S-001,1195578,1310,Tangier,1/11/2026 0:00,micro arrêts,683,0,Production
S-001,1195578,1310,Tangier,1/11/2026 0:00,PRODUCTION,0,3411,Production
S-006,1195578,1310,Tangier,1/11/2026 0:00,micro arrêts,490,0,Production
S-006,1195578,1310,Tangier,1/11/2026 0:00,PRODUCTION,0,6384,Production
S-001,1195578,1310,Tangier,1/12/2026 0:00,micro arrêts,5062,0,Production
S-001,1195578,1310,Tangier,1/12/2026 0:00,PRODUCTION,0,68150,Production
S-001,1195578,1310,Tangier,1/12/2026 0:00,Réparation Peripheri,642,0,Non-Production
S-004,1195578,1310,Tangier,1/12/2026 0:00,micro arrêts,109,0,Production
S-004,1195578,1310,Tangier,1/12/2026 0:00,PRODUCTION,0,1433,Production
S-004,1195578,1310,Tangier,1/12/2026 0:00,Réparation Peripheri,640,0,Non-Production
S-005,1195578,1310,Tangier,1/12/2026 0:00,micro arrêts,1982,0,Production
S-005,1195578,1310,Tangier,1/12/2026 0:00,PRODUCTION,0,26787,Production
S-006,1195578,1310,Tangier,1/12/2026 0:00,micro arrêts,2159,0,Production
S-006,1195578,1310,Tangier,1/12/2026 0:00,PRODUCTION,0,78280,Production
S-001,1195578,1310,Tangier,1/13/2026 0:00,micro arrêts,3215,0,Production
S-001,1195578,1310,Tangier,1/13/2026 0:00,PRODUCTION,0,31485,Production
S-001,1195578,1310,Tangier,1/13/2026 0:00,Réparation Peripheri,2717,0,Non-Production
S-003,1195578,1310,Tangier,1/13/2026 0:00,PRODUCTION,0,35,Production
S-004,1195578,1310,Tangier,1/13/2026 0:00,micro arrêts,234,0,Production
S-004,1195578,1310,Tangier,1/13/2026 0:00,PRODUCTION,0,68,Production
S-005,1195578,1310,Tangier,1/13/2026 0:00,micro arrêts,326,0,Production
S-005,1195578,1310,Tangier,1/13/2026 0:00,PRODUCTION,0,23605,Production
S-006,1195578,1310,Tangier,1/13/2026 0:00,micro arrêts,1812,0,Production
S-006,1195578,1310,Tangier,1/13/2026 0:00,PRODUCTION,0,81252,Production
S-006,1195578,1310,Tangier,1/13/2026 0:00,Réparation Peripheri,65,0,Non-Production
S-001,1195578,1310,Tangier,1/14/2026 0:00,micro arrêts,3113,0,Production
S-001,1195578,1310,Tangier,1/14/2026 0:00,PRODUCTION,0,52463,Production
S-003,1195578,1310,Tangier,1/14/2026 0:00,micro arrêts,405,0,Production
S-003,1195578,1310,Tangier,1/14/2026 0:00,PRODUCTION,0,28459,Production
S-004,1195578,1310,Tangier,1/14/2026 0:00,micro arrêts,1348,0,Production
S-004,1195578,1310,Tangier,1/14/2026 0:00,PRODUCTION,0,6685,Production
S-006,1195578,1310,Tangier,1/14/2026 0:00,micro arrêts,2630,0,Production
S-006,1195578,1310,Tangier,1/14/2026 0:00,PRODUCTION,0,74271,Production
S-006,1195578,1310,Tangier,1/14/2026 0:00,Réparation Peripheri,948,0,Non-Production
S-007,1195578,1310,Tangier,1/14/2026 0:00,PRODUCTION,0,3,Production
S-001,1195578,1310,Tangier,1/15/2026 0:00,micro arrêts,427,0,Production
S-001,1195578,1310,Tangier,1/15/2026 0:00,PRODUCTION,0,432,Production
S-001,1195578,1310,Tangier,1/15/2026 0:00,Réparation Peripheri,427,0,Non-Production
S-003,1195578,1310,Tangier,1/15/2026 0:00,micro arrêts,1552,0,Production
S-003,1195578,1310,Tangier,1/15/2026 0:00,PRODUCTION,0,77041,Production
S-004,1195578,1310,Tangier,1/15/2026 0:00,micro arrêts,2372,0,Production
S-004,1195578,1310,Tangier,1/15/2026 0:00,PRODUCTION,0,12727,Production
S-006,1195578,1310,Tangier,1/15/2026 0:00,micro arrêts,2112,0,Production
S-006,1195578,1310,Tangier,1/15/2026 0:00,PRODUCTION,0,58527,Production
S-001,1195578,1310,Tangier,1/16/2026 0:00,micro arrêts,7423,0,Production
S-001,1195578,1310,Tangier,1/16/2026 0:00,PRODUCTION,0,68562,Production
S-001,1195578,1310,Tangier,1/16/2026 0:00,Réparation Peripheri,1604,0,Non-Production
S-003,1195578,1310,Tangier,1/16/2026 0:00,micro arrêts,1113,0,Production
S-003,1195578,1310,Tangier,1/16/2026 0:00,PRODUCTION,0,83678,Production
S-004,1195578,1310,Tangier,1/16/2026 0:00,micro arrêts,133,0,Production
S-004,1195578,1310,Tangier,1/16/2026 0:00,PRODUCTION,0,37,Production
S-005,1195578,1310,Tangier,1/16/2026 0:00,PRODUCTION,0,1,Production
S-006,1195578,1310,Tangier,1/16/2026 0:00,micro arrêts,178,0,Production
S-006,1195578,1310,Tangier,1/16/2026 0:00,PRODUCTION,0,3223,Production
S-006,1195578,1310,Tangier,1/16/2026 0:00,Réparation Peripheri,1369,0,Non-Production
S-007,1195578,1310,Tangier,1/16/2026 0:00,PRODUCTION,0,6,Production
S-001,1195578,1310,Tangier,1/17/2026 0:00,micro arrêts,3341,0,Production
S-001,1195578,1310,Tangier,1/17/2026 0:00,PRODUCTION,0,44181,Production
S-003,1195578,1310,Tangier,1/17/2026 0:00,micro arrêts,800,0,Production
S-003,1195578,1310,Tangier,1/17/2026 0:00,PRODUCTION,0,56675,Production
S-006,1195578,1310,Tangier,1/17/2026 0:00,micro arrêts,1194,0,Production
S-006,1195578,1310,Tangier,1/17/2026 0:00,PRODUCTION,0,3544,Production
S-006,1195578,1310,Tangier,1/17/2026 0:00,Réparation Peripheri,25452,0,Non-Production
S-001,1195578,1310,Tangier,1/18/2026 0:00,micro arrêts,2848,0,Production
S-001,1195578,1310,Tangier,1/18/2026 0:00,PRODUCTION,0,23682,Production
S-003,1195578,1310,Tangier,1/18/2026 0:00,micro arrêts,476,0,Production
S-003,1195578,1310,Tangier,1/18/2026 0:00,PRODUCTION,0,28285,Production
S-006,1195578,1310,Tangier,1/18/2026 0:00,micro arrêts,5233,0,Production
S-006,1195578,1310,Tangier,1/18/2026 0:00,PRODUCTION,0,20774,Production
S-006,1195578,1310,Tangier,1/18/2026 0:00,Réparation Peripheri,2104,0,Non-Production
S-001,1195578,1310,Tangier,1/19/2026 0:00,micro arrêts,5432,0,Production
S-001,1195578,1310,Tangier,1/19/2026 0:00,PRODUCTION,0,53135,Production
S-001,1195578,1310,Tangier,1/19/2026 0:00,Réparation Peripheri,7163,0,Non-Production
S-003,1195578,1310,Tangier,1/19/2026 0:00,micro arrêts,1263,0,Production
S-003,1195578,1310,Tangier,1/19/2026 0:00,PRODUCTION,0,83627,Production
S-005,1195578,1310,Tangier,1/19/2026 0:00,PRODUCTION,0,0,Production
S-006,1195578,1310,Tangier,1/19/2026 0:00,micro arrêts,4095,0,Production
S-006,1195578,1310,Tangier,1/19/2026 0:00,PRODUCTION,0,79984,Production
S-006,1195578,1310,Tangier,1/19/2026 0:00,Réparation Peripheri,547,0,Non-Production
S-001,1195578,1310,Tangier,1/20/2026 0:00,micro arrêts,3310,0,Production
S-001,1195578,1310,Tangier,1/20/2026 0:00,PRODUCTION,0,35719,Production
S-001,1195578,1310,Tangier,1/20/2026 0:00,Réparation Peripheri,3264,0,Non-Production
S-003,1195578,1310,Tangier,1/20/2026 0:00,micro arrêts,962,0,Production
S-003,1195578,1310,Tangier,1/20/2026 0:00,PRODUCTION,0,82915,Production
S-004,1195578,1310,Tangier,1/20/2026 0:00,PRODUCTION,0,3,Production
S-005,1195578,1310,Tangier,1/20/2026 0:00,Réparation Peripheri,1199,0,Non-Production
S-006,1195578,1310,Tangier,1/20/2026 0:00,micro arrêts,4712,0,Production
S-006,1195578,1310,Tangier,1/20/2026 0:00,PRODUCTION,0,74223,Production
S-006,1195578,1310,Tangier,1/20/2026 0:00,Réparation Peripheri,736,0,Non-Production
S-007,1195578,1310,Tangier,1/20/2026 0:00,micro arrêts,4,0,Production
S-007,1195578,1310,Tangier,1/20/2026 0:00,PRODUCTION,0,66,Production
S-001,1195578,1310,Tangier,1/21/2026 0:00,micro arrêts,2133,0,Production
S-001,1195578,1310,Tangier,1/21/2026 0:00,PRODUCTION,0,25578,Production
S-003,1195578,1310,Tangier,1/21/2026 0:00,micro arrêts,999,0,Production
S-003,1195578,1310,Tangier,1/21/2026 0:00,PRODUCTION,0,83108,Production
S-005,1195578,1310,Tangier,1/21/2026 0:00,micro arrêts,1434,0,Production
S-005,1195578,1310,Tangier,1/21/2026 0:00,PRODUCTION,0,22561,Production
S-005,1195578,1310,Tangier,1/21/2026 0:00,Réparation Peripheri,844,0,Non-Production
S-006,1195578,1310,Tangier,1/21/2026 0:00,micro arrêts,8645,0,Production
S-006,1195578,1310,Tangier,1/21/2026 0:00,PRODUCTION,0,26998,Production
S-006,1195578,1310,Tangier,1/21/2026 0:00,Réparation Peripheri,5818,0,Non-Production
S-001,1195578,1310,Tangier,1/22/2026 0:00,micro arrêts,281,0,Production
S-001,1195578,1310,Tangier,1/22/2026 0:00,PRODUCTION,0,45,Production
S-003,1195578,1310,Tangier,1/22/2026 0:00,micro arrêts,1338,0,Production
S-003,1195578,1310,Tangier,1/22/2026 0:00,PRODUCTION,0,61230,Production
S-004,1195578,1310,Tangier,1/22/2026 0:00,micro arrêts,3220,0,Production
S-004,1195578,1310,Tangier,1/22/2026 0:00,PRODUCTION,0,29267,Production
S-004,1195578,1310,Tangier,1/22/2026 0:00,Réparation Peripheri,1219,0,Non-Production
S-005,1195578,1310,Tangier,1/22/2026 0:00,micro arrêts,889,0,Production
S-005,1195578,1310,Tangier,1/22/2026 0:00,PRODUCTION,0,9556,Production
S-006,1195578,1310,Tangier,1/22/2026 0:00,micro arrêts,3519,0,Production
S-006,1195578,1310,Tangier,1/22/2026 0:00,PRODUCTION,0,68353,Production
S-006,1195578,1310,Tangier,1/22/2026 0:00,Réparation Peripheri,9534,0,Non-Production
S-001,1195578,1310,Tangier,1/23/2026 0:00,micro arrêts,1513,0,Production
S-001,1195578,1310,Tangier,1/23/2026 0:00,PRODUCTION,0,381,Production
S-003,1195578,1310,Tangier,1/23/2026 0:00,micro arrêts,1599,0,Production
S-003,1195578,1310,Tangier,1/23/2026 0:00,PRODUCTION,0,61217,Production
S-004,1195578,1310,Tangier,1/23/2026 0:00,micro arrêts,3664,0,Production
S-004,1195578,1310,Tangier,1/23/2026 0:00,PRODUCTION,0,55972,Production
S-004,1195578,1310,Tangier,1/23/2026 0:00,Réparation Peripheri,1368,0,Non-Production
S-006,1195578,1310,Tangier,1/23/2026 0:00,micro arrêts,3279,0,Production
S-006,1195578,1310,Tangier,1/23/2026 0:00,PRODUCTION,0,65137,Production
S-006,1195578,1310,Tangier,1/23/2026 0:00,Réparation Peripheri,5370,0,Non-Production
S-003,1195578,1310,Tangier,1/24/2026 0:00,micro arrêts,412,0,Production
S-003,1195578,1310,Tangier,1/24/2026 0:00,PRODUCTION,0,28414,Production
S-004,1195578,1310,Tangier,1/24/2026 0:00,micro arrêts,1344,0,Production
S-004,1195578,1310,Tangier,1/24/2026 0:00,PRODUCTION,0,18388,Production
S-006,1195578,1310,Tangier,1/24/2026 0:00,micro arrêts,953,0,Production
S-006,1195578,1310,Tangier,1/24/2026 0:00,PRODUCTION,0,55249,Production
S-003,1195578,1310,Tangier,1/25/2026 0:00,micro arrêts,561,0,Production
S-003,1195578,1310,Tangier,1/25/2026 0:00,PRODUCTION,0,27059,Production
S-006,1195578,1310,Tangier,1/25/2026 0:00,micro arrêts,1597,0,Production
S-006,1195578,1310,Tangier,1/25/2026 0:00,PRODUCTION,0,21528,Production
S-001,1195578,1310,Tangier,1/26/2026 0:00,micro arrêts,111,0,Production
S-001,1195578,1310,Tangier,1/26/2026 0:00,PRODUCTION,0,137,Production
S-003,1195578,1310,Tangier,1/26/2026 0:00,micro arrêts,1672,0,Production
S-003,1195578,1310,Tangier,1/26/2026 0:00,PRODUCTION,0,84511,Production
S-003,1195578,1310,Tangier,1/26/2026 0:00,Réparation Peripheri,217,0,Non-Production
S-004,1195578,1310,Tangier,1/26/2026 0:00,micro arrêts,353,0,Production
S-004,1195578,1310,Tangier,1/26/2026 0:00,PRODUCTION,0,5302,Production
S-004,1195578,1310,Tangier,1/26/2026 0:00,Réparation Peripheri,896,0,Non-Production
S-006,1195578,1310,Tangier,1/26/2026 0:00,micro arrêts,3791,0,Production
S-006,1195578,1310,Tangier,1/26/2026 0:00,PRODUCTION,0,70628,Production
S-003,1195578,1310,Tangier,1/27/2026 0:00,micro arrêts,1874,0,Production
S-003,1195578,1310,Tangier,1/27/2026 0:00,PRODUCTION,0,81634,Production
S-003,1195578,1310,Tangier,1/27/2026 0:00,Réparation Peripheri,75,0,Non-Production
S-004,1195578,1310,Tangier,1/27/2026 0:00,micro arrêts,657,0,Production
S-004,1195578,1310,Tangier,1/27/2026 0:00,PRODUCTION,0,739,Production
S-005,1195578,1310,Tangier,1/27/2026 0:00,PRODUCTION,0,18,Production
S-006,1195578,1310,Tangier,1/27/2026 0:00,micro arrêts,4703,0,Production
S-006,1195578,1310,Tangier,1/27/2026 0:00,PRODUCTION,0,11058,Production
S-006,1195578,1310,Tangier,1/27/2026 0:00,Réparation Peripheri,3749,0,Non-Production
S-003,1195578,1310,Tangier,1/28/2026 0:00,micro arrêts,2256,0,Production
S-003,1195578,1310,Tangier,1/28/2026 0:00,PRODUCTION,0,81537,Production
S-004,1195578,1310,Tangier,1/28/2026 0:00,micro arrêts,1731,0,Production
S-004,1195578,1310,Tangier,1/28/2026 0:00,PRODUCTION,0,28397,Production
S-005,1195578,1310,Tangier,1/28/2026 0:00,micro arrêts,1590,0,Production
S-005,1195578,1310,Tangier,1/28/2026 0:00,PRODUCTION,0,26158,Production
S-006,1195578,1310,Tangier,1/28/2026 0:00,micro arrêts,4814,0,Production
S-006,1195578,1310,Tangier,1/28/2026 0:00,PRODUCTION,0,64655,Production
S-006,1195578,1310,Tangier,1/28/2026 0:00,Réparation Peripheri,12859,0,Non-Production
S-003,1195578,1310,Tangier,1/29/2026 0:00,micro arrêts,2214,0,Production
S-003,1195578,1310,Tangier,1/29/2026 0:00,PRODUCTION,0,55561,Production
S-004,1195578,1310,Tangier,1/29/2026 0:00,micro arrêts,1459,0,Production
S-004,1195578,1310,Tangier,1/29/2026 0:00,PRODUCTION,0,64006,Production
S-005,1195578,1310,Tangier,1/29/2026 0:00,micro arrêts,851,0,Production
S-005,1195578,1310,Tangier,1/29/2026 0:00,PRODUCTION,0,6242,Production
S-006,1195578,1310,Tangier,1/29/2026 0:00,micro arrêts,2265,0,Production
S-006,1195578,1310,Tangier,1/29/2026 0:00,PRODUCTION,0,82155,Production
S-003,1195578,1310,Tangier,1/30/2026 0:00,micro arrêts,2445,0,Production
S-003,1195578,1310,Tangier,1/30/2026 0:00,PRODUCTION,0,54443,Production
S-004,1195578,1310,Tangier,1/30/2026 0:00,micro arrêts,1912,0,Production
S-004,1195578,1310,Tangier,1/30/2026 0:00,PRODUCTION,0,58451,Production
S-006,1195578,1310,Tangier,1/30/2026 0:00,micro arrêts,7529,0,Production
S-006,1195578,1310,Tangier,1/30/2026 0:00,PRODUCTION,0,60014,Production
S-006,1195578,1310,Tangier,1/30/2026 0:00,Réparation Peripheri,1626,0,Non-Production
S-001,1195578,1310,Tangier,1/31/2026 0:00,micro arrêts,47,0,Production
S-001,1195578,1310,Tangier,1/31/2026 0:00,PRODUCTION,0,147,Production
S-003,1195578,1310,Tangier,1/31/2026 0:00,micro arrêts,1854,0,Production
S-003,1195578,1310,Tangier,1/31/2026 0:00,PRODUCTION,0,53447,Production
S-004,1195578,1310,Tangier,1/31/2026 0:00,micro arrêts,1361,0,Production
S-004,1195578,1310,Tangier,1/31/2026 0:00,PRODUCTION,0,31351,Production
S-006,1195578,1310,Tangier,1/31/2026 0:00,micro arrêts,2781,0,Production
S-006,1195578,1310,Tangier,1/31/2026 0:00,PRODUCTION,0,39668,Production
S-003,1195578,1310,Tangier,2/1/2026 0:00,micro arrêts,348,0,Production
S-003,1195578,1310,Tangier,2/1/2026 0:00,PRODUCTION,0,339,Production
S-004,1195578,1310,Tangier,2/1/2026 0:00,micro arrêts,646,0,Production
S-004,1195578,1310,Tangier,2/1/2026 0:00,PRODUCTION,0,27724,Production
S-006,1195578,1310,Tangier,2/1/2026 0:00,micro arrêts,1377,0,Production
S-006,1195578,1310,Tangier,2/1/2026 0:00,PRODUCTION,0,24925,Production
S-001,1195578,1310,Tangier,2/2/2026 0:00,micro arrêts,837,0,Production
S-001,1195578,1310,Tangier,2/2/2026 0:00,PRODUCTION,0,368,Production
S-003,1195578,1310,Tangier,2/2/2026 0:00,micro arrêts,759,0,Production
S-003,1195578,1310,Tangier,2/2/2026 0:00,PRODUCTION,0,56649,Production
S-004,1195578,1310,Tangier,2/2/2026 0:00,micro arrêts,785,0,Production
S-004,1195578,1310,Tangier,2/2/2026 0:00,PRODUCTION,0,27952,Production
S-006,1195578,1310,Tangier,2/2/2026 0:00,micro arrêts,6629,0,Production
S-006,1195578,1310,Tangier,2/2/2026 0:00,PRODUCTION,0,55887,Production
S-006,1195578,1310,Tangier,2/2/2026 0:00,Réparation Peripheri,2948,0,Non-Production
S-003,1195578,1310,Tangier,2/3/2026 0:00,micro arrêts,1452,0,Production
S-003,1195578,1310,Tangier,2/3/2026 0:00,PRODUCTION,0,79965,Production
S-003,1195578,1310,Tangier,2/3/2026 0:00,Réparation Peripheri,126,0,Non-Production
S-004,1195578,1310,Tangier,2/3/2026 0:00,PRODUCTION,0,20,Production
S-006,1195578,1310,Tangier,2/3/2026 0:00,micro arrêts,5115,0,Production
S-006,1195578,1310,Tangier,2/3/2026 0:00,PRODUCTION,0,70364,Production
S-006,1195578,1310,Tangier,2/3/2026 0:00,Réparation Peripheri,912,0,Non-Production
S-001,1195578,1310,Tangier,2/4/2026 0:00,micro arrêts,468,0,Production
S-001,1195578,1310,Tangier,2/4/2026 0:00,PRODUCTION,0,156,Production
S-001,1195578,1310,Tangier,2/4/2026 0:00,Réparation Peripheri,1014,0,Non-Production
S-003,1195578,1310,Tangier,2/4/2026 0:00,micro arrêts,1126,0,Production
S-003,1195578,1310,Tangier,2/4/2026 0:00,PRODUCTION,0,81881,Production
S-003,1195578,1310,Tangier,2/4/2026 0:00,Réparation Peripheri,415,0,Non-Production
S-004,1195578,1310,Tangier,2/4/2026 0:00,micro arrêts,1500,0,Production
S-004,1195578,1310,Tangier,2/4/2026 0:00,PRODUCTION,0,19357,Production
S-006,1195578,1310,Tangier,2/4/2026 0:00,micro arrêts,6003,0,Production
S-006,1195578,1310,Tangier,2/4/2026 0:00,PRODUCTION,0,73163,Production
S-006,1195578,1310,Tangier,2/4/2026 0:00,Réparation Peripheri,2063,0,Non-Production
S-001,1195578,1310,Tangier,2/5/2026 0:00,micro arrêts,767,0,Production
S-001,1195578,1310,Tangier,2/5/2026 0:00,PRODUCTION,0,644,Production
S-001,1195578,1310,Tangier,2/5/2026 0:00,Réparation Peripheri,16481,0,Non-Production
S-003,1195578,1310,Tangier,2/5/2026 0:00,micro arrêts,1489,0,Production
S-003,1195578,1310,Tangier,2/5/2026 0:00,PRODUCTION,0,56127,Production
S-004,1195578,1310,Tangier,2/5/2026 0:00,micro arrêts,1878,0,Production
S-004,1195578,1310,Tangier,2/5/2026 0:00,PRODUCTION,0,31356,Production
S-006,1195578,1310,Tangier,2/5/2026 0:00,micro arrêts,3918,0,Production
S-006,1195578,1310,Tangier,2/5/2026 0:00,PRODUCTION,0,32212,Production
S-006,1195578,1310,Tangier,2/5/2026 0:00,Réparation Peripheri,2887,0,Non-Production
S-001,1195578,1310,Tangier,2/6/2026 0:00,micro arrêts,39,0,Production
S-001,1195578,1310,Tangier,2/6/2026 0:00,PRODUCTION,0,45,Production
S-003,1195578,1310,Tangier,2/6/2026 0:00,micro arrêts,1151,0,Production
S-003,1195578,1310,Tangier,2/6/2026 0:00,PRODUCTION,0,82994,Production
S-004,1195578,1310,Tangier,2/6/2026 0:00,micro arrêts,1588,0,Production
S-004,1195578,1310,Tangier,2/6/2026 0:00,PRODUCTION,0,18843,Production
S-004,1195578,1310,Tangier,2/6/2026 0:00,Réparation Peripheri,1402,0,Non-Production
S-006,1195578,1310,Tangier,2/6/2026 0:00,micro arrêts,3926,0,Production
S-006,1195578,1310,Tangier,2/6/2026 0:00,PRODUCTION,0,52432,Production
S-006,1195578,1310,Tangier,2/6/2026 0:00,Réparation Peripheri,1115,0,Non-Production
S-001,1195578,1310,Tangier,2/7/2026 0:00,PRODUCTION,0,15,Production
S-003,1195578,1310,Tangier,2/7/2026 0:00,micro arrêts,1372,0,Production
S-003,1195578,1310,Tangier,2/7/2026 0:00,PRODUCTION,0,55864,Production
S-004,1195578,1310,Tangier,2/7/2026 0:00,micro arrêts,2502,0,Production
S-004,1195578,1310,Tangier,2/7/2026 0:00,PRODUCTION,0,32343,Production
S-004,1195578,1310,Tangier,2/7/2026 0:00,Réparation Peripheri,296,0,Non-Production
S-006,1195578,1310,Tangier,2/7/2026 0:00,micro arrêts,764,0,Production
S-006,1195578,1310,Tangier,2/7/2026 0:00,PRODUCTION,0,16879,Production
S-001,1195578,1310,Tangier,2/8/2026 0:00,micro arrêts,3079,0,Production
S-001,1195578,1310,Tangier,2/8/2026 0:00,PRODUCTION,0,1769,Production
S-003,1195578,1310,Tangier,2/8/2026 0:00,micro arrêts,740,0,Production
S-003,1195578,1310,Tangier,2/8/2026 0:00,PRODUCTION,0,26002,Production
S-003,1195578,1310,Tangier,2/9/2026 0:00,micro arrêts,1115,0,Production
S-003,1195578,1310,Tangier,2/9/2026 0:00,PRODUCTION,0,82918,Production
S-004,1195578,1310,Tangier,2/9/2026 0:00,micro arrêts,676,0,Production
S-004,1195578,1310,Tangier,2/9/2026 0:00,PRODUCTION,0,33054,Production
S-001,1195578,1310,Tangier,2/10/2026 0:00,micro arrêts,1094,0,Production
S-001,1195578,1310,Tangier,2/10/2026 0:00,PRODUCTION,0,725,Production
S-003,1195578,1310,Tangier,2/10/2026 0:00,micro arrêts,1913,0,Production
S-003,1195578,1310,Tangier,2/10/2026 0:00,PRODUCTION,0,84487,Production
S-004,1195578,1310,Tangier,2/10/2026 0:00,micro arrêts,2321,0,Production
S-004,1195578,1310,Tangier,2/10/2026 0:00,PRODUCTION,0,47045,Production
S-004,1195578,1310,Tangier,2/10/2026 0:00,Réparation Peripheri,523,0,Non-Production
S-005,1195578,1310,Tangier,2/10/2026 0:00,micro arrêts,1736,0,Production
S-005,1195578,1310,Tangier,2/10/2026 0:00,PRODUCTION,0,15399,Production
S-005,1195578,1310,Tangier,2/10/2026 0:00,Réparation Peripheri,561,0,Non-Production
S-001,1195578,1310,Tangier,2/11/2026 0:00,micro arrêts,271,0,Production
S-001,1195578,1310,Tangier,2/11/2026 0:00,PRODUCTION,0,367,Production
S-003,1195578,1310,Tangier,2/11/2026 0:00,micro arrêts,1183,0,Production
S-003,1195578,1310,Tangier,2/11/2026 0:00,PRODUCTION,0,54910,Production
S-004,1195578,1310,Tangier,2/11/2026 0:00,micro arrêts,351,0,Production
S-004,1195578,1310,Tangier,2/11/2026 0:00,PRODUCTION,0,5460,Production
S-005,1195578,1310,Tangier,2/11/2026 0:00,micro arrêts,1428,0,Production
S-005,1195578,1310,Tangier,2/11/2026 0:00,PRODUCTION,0,14603,Production
S-005,1195578,1310,Tangier,2/11/2026 0:00,Réparation Peripheri,2109,0,Non-Production
